CREATE DATABASE  IF NOT EXISTS `baodientu16th` /*!40100 DEFAULT CHARACTER SET utf8 */ /*!80016 DEFAULT ENCRYPTION='N' */;
USE `baodientu16th`;
-- MySQL dump 10.13  Distrib 8.0.16, for Win64 (x86_64)
--
-- Host: 127.0.0.1    Database: baodientu16th
-- ------------------------------------------------------
-- Server version	8.0.16

/*!40101 SET @OLD_CHARACTER_SET_CLIENT=@@CHARACTER_SET_CLIENT */;
/*!40101 SET @OLD_CHARACTER_SET_RESULTS=@@CHARACTER_SET_RESULTS */;
/*!40101 SET @OLD_COLLATION_CONNECTION=@@COLLATION_CONNECTION */;
 SET NAMES utf8 ;
/*!40103 SET @OLD_TIME_ZONE=@@TIME_ZONE */;
/*!40103 SET TIME_ZONE='+00:00' */;
/*!40014 SET @OLD_UNIQUE_CHECKS=@@UNIQUE_CHECKS, UNIQUE_CHECKS=0 */;
/*!40014 SET @OLD_FOREIGN_KEY_CHECKS=@@FOREIGN_KEY_CHECKS, FOREIGN_KEY_CHECKS=0 */;
/*!40101 SET @OLD_SQL_MODE=@@SQL_MODE, SQL_MODE='NO_AUTO_VALUE_ON_ZERO' */;
/*!40111 SET @OLD_SQL_NOTES=@@SQL_NOTES, SQL_NOTES=0 */;

--
-- Table structure for table `categories`
--

DROP TABLE IF EXISTS `categories`;
/*!40101 SET @saved_cs_client     = @@character_set_client */;
 SET character_set_client = utf8mb4 ;
CREATE TABLE `categories` (
  `cateID` int(11) NOT NULL AUTO_INCREMENT,
  `cateName` varchar(45) DEFAULT NULL,
  `parentID` int(11) DEFAULT NULL,
  PRIMARY KEY (`cateID`),
  UNIQUE KEY `cateName_UNIQUE` (`cateName`),
  KEY `FK_Cate_Cate_idx` (`parentID`),
  CONSTRAINT `FK_Cate_Cate` FOREIGN KEY (`parentID`) REFERENCES `categories` (`cateID`)
) ENGINE=InnoDB AUTO_INCREMENT=22 DEFAULT CHARSET=utf8;
/*!40101 SET character_set_client = @saved_cs_client */;

--
-- Dumping data for table `categories`
--

LOCK TABLES `categories` WRITE;
/*!40000 ALTER TABLE `categories` DISABLE KEYS */;
INSERT INTO `categories` VALUES (4,'Giải trí',NULL),(5,'Sao',4),(6,'Thời trang',4),(7,'Thể thao',NULL),(8,'Bóng đá',7),(9,'Tennis',7),(10,'Giáo dục',NULL),(11,'Tuyển sinh',10),(12,'Học tiếng Anh',10),(13,'Thời sự',NULL),(14,'Tin trong ngày',13),(15,'Giao Thông',13),(16,'Kinh doanh',NULL),(17,'Bất động sản',16),(18,'Chứng khoán',16);
/*!40000 ALTER TABLE `categories` ENABLE KEYS */;
UNLOCK TABLES;

--
-- Table structure for table `comments`
--

DROP TABLE IF EXISTS `comments`;
/*!40101 SET @saved_cs_client     = @@character_set_client */;
 SET character_set_client = utf8mb4 ;
CREATE TABLE `comments` (
  `commentID` int(11) NOT NULL AUTO_INCREMENT,
  `posID` int(11) DEFAULT NULL,
  `userID` int(11) DEFAULT NULL,
  `content` varchar(500) DEFAULT NULL,
  `datePost` datetime DEFAULT NULL,
  PRIMARY KEY (`commentID`),
  KEY `FK_Comment_User_idx` (`userID`),
  KEY `FK_Comment_Post` (`posID`),
  CONSTRAINT `FK_Comment_Post` FOREIGN KEY (`posID`) REFERENCES `posts` (`posID`),
  CONSTRAINT `FK_Comment_User` FOREIGN KEY (`userID`) REFERENCES `users` (`userID`)
) ENGINE=InnoDB AUTO_INCREMENT=10 DEFAULT CHARSET=utf8;
/*!40101 SET character_set_client = @saved_cs_client */;

--
-- Dumping data for table `comments`
--

LOCK TABLES `comments` WRITE;
/*!40000 ALTER TABLE `comments` DISABLE KEYS */;
INSERT INTO `comments` VALUES (1,7,32,'Woao\r\n','2019-06-21 18:38:09'),(2,7,32,'Federer quá đẳng cấp \r\n','2019-06-21 18:38:28'),(3,1,29,'Cố lên công phượng, cả nước cổ vũ cho em\r\n','2019-06-21 18:39:12'),(4,1,29,'Hãy cùng cỗ vũ cho nước nhà nhé ','2019-06-21 18:39:29'),(5,3,30,'Huấn luyện viên giỏi thiệt','2019-06-21 18:50:41'),(6,3,30,'Công nhận luôn á \r\n','2019-06-21 18:50:51'),(7,7,30,'Thật không thể tin nổi\r\n','2019-06-21 18:51:15'),(8,7,29,'Giải này Federer ăn gọn rồi','2019-06-21 18:52:11'),(9,3,29,'Công nhận đúng nha #NguyễnXuânNghiêm','2019-06-21 18:52:44');
/*!40000 ALTER TABLE `comments` ENABLE KEYS */;
UNLOCK TABLES;

--
-- Table structure for table `editors`
--

DROP TABLE IF EXISTS `editors`;
/*!40101 SET @saved_cs_client     = @@character_set_client */;
 SET character_set_client = utf8mb4 ;
CREATE TABLE `editors` (
  `userID` int(11) NOT NULL,
  `cateID` int(11) NOT NULL,
  PRIMARY KEY (`userID`,`cateID`),
  KEY `FK_Editor_Cate_idx` (`cateID`),
  CONSTRAINT `FK_Editor_Cate` FOREIGN KEY (`cateID`) REFERENCES `categories` (`cateID`),
  CONSTRAINT `FK_Editor_User` FOREIGN KEY (`userID`) REFERENCES `users` (`userID`)
) ENGINE=InnoDB DEFAULT CHARSET=utf8;
/*!40101 SET character_set_client = @saved_cs_client */;

--
-- Dumping data for table `editors`
--

LOCK TABLES `editors` WRITE;
/*!40000 ALTER TABLE `editors` DISABLE KEYS */;
INSERT INTO `editors` VALUES (28,4),(32,5),(30,6),(32,6),(32,8),(32,9),(32,10),(32,11),(32,12),(32,13),(32,14),(32,15);
/*!40000 ALTER TABLE `editors` ENABLE KEYS */;
UNLOCK TABLES;

--
-- Table structure for table `posts`
--

DROP TABLE IF EXISTS `posts`;
/*!40101 SET @saved_cs_client     = @@character_set_client */;
 SET character_set_client = utf8mb4 ;
CREATE TABLE `posts` (
  `posID` int(11) NOT NULL AUTO_INCREMENT,
  `cateID` int(11) DEFAULT NULL,
  `Title` varchar(500) CHARACTER SET utf8 COLLATE utf8_general_ci DEFAULT NULL,
  `DayPublish` datetime DEFAULT NULL,
  `Description` varchar(300) CHARACTER SET utf8 COLLATE utf8_general_ci DEFAULT NULL,
  `Content` mediumtext CHARACTER SET utf8 COLLATE utf8_general_ci,
  `Writer` int(11) DEFAULT NULL,
  `Premium` tinyint(4) DEFAULT NULL,
  `Views` int(10) DEFAULT NULL,
  `Approved` tinyint(4) DEFAULT NULL,
  `Additional` varchar(500) CHARACTER SET utf8 COLLATE utf8_general_ci DEFAULT NULL,
  `Published` tinyint(4) DEFAULT NULL,
  `DayWritten` date DEFAULT NULL,
  `Url` varchar(50) CHARACTER SET utf8 COLLATE utf8_general_ci DEFAULT NULL,
  `Editor` int(11) DEFAULT NULL,
  PRIMARY KEY (`posID`),
  KEY `FK_Post_User_idx` (`Writer`),
  KEY `FK_Post_Cate_idx` (`cateID`),
  KEY `FK_Post_User_2_idx` (`Editor`),
  FULLTEXT KEY `Title` (`Title`,`Description`,`Content`),
  CONSTRAINT `FK_Post_Cate` FOREIGN KEY (`cateID`) REFERENCES `categories` (`cateID`),
  CONSTRAINT `FK_Post_User` FOREIGN KEY (`Writer`) REFERENCES `writers` (`userID`),
  CONSTRAINT `FK_Post_User_2` FOREIGN KEY (`Editor`) REFERENCES `editors` (`userID`)
) ENGINE=InnoDB AUTO_INCREMENT=36 DEFAULT CHARSET=utf8mb4 COLLATE=utf8mb4_general_ci;
/*!40101 SET character_set_client = @saved_cs_client */;

--
-- Dumping data for table `posts`
--

LOCK TABLES `posts` WRITE;
/*!40000 ALTER TABLE `posts` DISABLE KEYS */;
INSERT INTO `posts` VALUES (1,4,'Bất ngờ: Công Phượng từ chối đá cúp C1 để thử việc giải hạng 2 Pháp?','2019-06-20 00:00:00','Tiền đạo Nguyễn Công Phượng được cho là đã từ chối lời đề nghị từ FK Sarajevo, đội bóng được sở hữu bởi doanh nhân Nguyễn Hoài Nam để tham dự Champions League mùa giải tới.','<p>Sau khi cùng ĐT Việt Nam tham dự King’s Cup 2019 tại Thái Lan, Công Phượng trở về TP HCM để hoàn tất thủ tục xin thị thực nhập cảnh vào nước Pháp, chuẩn bị cho chuyến thử việc dự kiến kéo dài khoảng 1 tháng tại một đội bóng hạng nhì của nước Pháp.</p>\r\n<p><img class=\"news-image initial loading\" style=\"display: block; margin-left: auto; margin-right: auto;\" src=\"https://cdn.24h.com.vn/upload/2-2019/images/2019-06-19/cp2-1560907146-104-width660height482.jpg\" alt=\"Bất ngờ: Công Phượng từ chối đá cúp C1 để thử việc giải hạng 2 Pháp? - 1\" data-was-processed=\"true\" /></p>\r\n<p style=\"text-align: center;\"><span style=\"color: #2880b9;\"><em>Công Phượng đang ở quê nhà Nghệ An để gặp gỡ gia đình, người thân trước chuyến đi Pháp</em></span></p>\r\n<p>Thông tin chúng tôi được biết, dự kiến ngày 24/6 Công Phượng sẽ nhận được visa và ngay lập tức lên đường đi Pháp thử việc. Đội bóng chủ quản HAGL vẫn quyết giữ bí mật về CLB mà Công Phượng sẽ thử việc đến phút chót theo lệnh bầu Đức để cầu thủ gốc Nghệ An được tĩnh tâm sau khoảng thời gian không thành công ở Hàn Quốc.</p>\r\n<p>Trong thời gian chờ được cấp thị thực đi Pháp, Công Phượng đã trở về quê nhà Đô Lương, Nghệ An để gặp gỡ người thân trong gia đình. Bên cạnh đó, Công Phượng còn gây chú ý khi đến gặp, tri ân và tìm lời khuyên từ người thầy dạy <a class=\"TextlinkBaiviet\" title=\"bóng đá\" href=\"https://www.24h.com.vn/bong-da-c48.html\">bóng đá</a> đầu tiên của mình là HLV Trương Quang Vinh.</p>\r\n<div id=\"ADS_159_15s\" class=\"txtCent\">\r\n<div class=\"banner_inread\">\r\n<div id=\"unruly-native-base-placement-833348\"> </div>\r\n</div>\r\n</div>\r\n<p>Trong lúc người hâm mộ <a class=\"TextlinkBaiviet\" title=\"bóng đá Việt Nam\" href=\"https://www.24h.com.vn/bong-da-viet-nam-c182.html\">bóng đá Việt Nam</a> đưa ra rất nhiều dự đoán về các đội bóng mà Công Phượng dự kiến thử việc tại Pháp như Paris FC, Clermont Foot, Chamois Niortais…, tỷ phú Nguyễn Hoài Nam – chủ sở hữu đội bóng FK Sarajevo lại bất ngờ tiết lộ rằng nhà vô địch của Bosnia và Herzegovina từng có tham vọng sở hữu tiền đạo của ĐT Việt Nam để tham dự cúp C1 (Champions League) mùa giải tới.</p>\r\n<p>“Sau rất nhiều cố gắng, lời mời Công Phượng qua đá cho FK Sarajevo để dự Champions League đã không được phía Việt Nam đồng ý, lý do là Công Phượng đã chọn đội hạng 2 ở Pháp”, doanh nhân Nguyễn Hoài Nam tiết lộ trên trang cá nhân tối ngày 18/6.</p>\r\n<p> </p>\r\n<div>\r\n<div><img class=\"news-image loaded\" style=\"display: block; margin-left: auto; margin-right: auto;\" src=\"https://cdn.24h.com.vn/upload/2-2019/images/2019-06-19/cp1-1560907192-189-width660height544.jpg\" alt=\"Bất ngờ: Công Phượng từ chối đá cúp C1 để thử việc giải hạng 2 Pháp? - 2\" data-original=\"https://cdn.24h.com.vn/upload/2-2019/images/2019-06-19/cp1-1560907192-189-width660height544.jpg\" data-was-processed=\"true\" /></div>\r\n</div>\r\n<p style=\"text-align: center;\"><em><span style=\"color: #2880b9;\">Ông Nguyễn Hoài Nam ăn mừng chức vô địch quốc gia cùng FK Sarajevo</span></em></p>\r\n<p>Cũng theo chia sẻ của tỷ phú Nguyễn Hoài Nam, FK Sarajevo sẽ đụng ngay CLB Celtic – nhà vô địch giải ngoại hạng Scotland ở vòng sơ loại thứ nhất của Champions League 2019/2020. Trận đấu lượt đi giữa FK Sarajevo và Celtic diễn ra vào 9/7 và lượt về vào ngày 16/7. Doanh nhân Nguyễn Hoài Nam đánh giá FK Sarajevo sẽ gặp rất nhiều khó khăn khi Celtic sở hữu các cầu thủ từng chơi ở giải <a class=\"TextlinkBaiviet\" title=\"ngoại hạng Anh\" href=\"https://www.24h.com.vn/bong-da-ngoai-hang-anh-c149.html\">ngoại hạng Anh</a> như Dedryck Boyata, Scott Sinclair…</p>\r\n<p>Bên cạnh thông tin về vụ chuyển nhượng Công Phượng, ông Nguyễn Hoài Nam (người từng ứng cử vị trí phó chủ tịch phụ trách tài chính của VFF) còn bất ngờ có những chia sẻ về vụ đàm phán gia hạn hợp đồng giữa VFF và HLV Park Hang Seo đang rất nóng trên khắp các mặt báo. Ông Nam viết: “Ông Park đang có lương 20.000 USD/ tháng và VFF đang lên kế hoạch đàm phán mức lương mới.</p>\r\n<p>Nhưng với những gì đang xảy ra và với sự chèo kéo của một số nước khác, theo ý kiến cá nhân tôi mức lương mới của ông Park sẽ phải nằm ở mức 70.000 – 100.000 USD/tháng. Tôi đoán VFF đang tính đàm phán trong khoảng 50.000 USD/tháng. Việc trả lương ông Park rất đơn giản với tiềm lực của bóng đá Việt Nam…”</p>',29,1,73,1,'',0,'2019-06-20','/uploads/1561026096736dd.jpg',32),(2,8,'Cặp tiền đạo Văn Toàn - Công Phượng chơi hay: Xứng đáng niềm tin thầy Park','2019-06-20 00:00:00','HLV Park Hang Seo bất ngờ để bộ đôi Công Phượng - Văn Toàn đá chính ngay từ đầu ở trận chung kết King\'s cup gặp Curacao','<p>Dưới thời HLV <a class=\"TextlinkBaiviet\" title=\"Park Hang Seo\" href=\"https://www.24h.com.vn/hlv-park-hang-seo-c48e5068.html\">Park Hang Seo</a>, không phải lúc nào người hâm mộ cũng được chứng kiến bộ đôi trưởng thành từ lò đào tạo HAGL là Công Phượng và Văn Toàn cùng sát cánh trên hàng công. Ở trận chung kết King\'s cup tối qua gặp đối thủ rất mạnh Curacao, ông thầy Hàn Quốc bất ngờ sử dụng bộ đôi này, thay vì lão tướng Anh Đức đá cặp Công Phượng như ở trận ra quân gặp Thái Lan.</p>\r\n<p align=\"center\"><img class=\"news-image loading\" src=\"https://cdn.24h.com.vn/upload/2-2019/images/2019-06-09/cp-3-1560041532-531-width660height440.jpg\" alt=\"Cặp tiền đạo Văn Toàn - Công Phượng chơi hay: Xứng đáng niềm tin thầy Park - 1\" data-was-processed=\"true\" /></p>\r\n<p style=\"text-align: center;\"><span style=\"color: #2880b9;\"><em>Công Phượng và Văn Toàn chơi rất ăn ý</em></span></p>\r\n<p>Sự thay đổi bất ngờ trên hàng công đã giúp <a class=\"TextlinkBaiviet\" title=\"ĐTVN\" href=\"https://www.24h.com.vn/doi-tuyen-viet-nam-c48e3410.html\">ĐTVN</a> có được thế trận khá tốt trước đối thủ đến từ khu vực Bắc Trung Mỹ và Caribe. Sự khéo léo, nhanh nhẹn, và rất ăn ý của song tấu đến từ HAGL đã nhiều lần làm khổ hàng thủ của Curacao, đặc biệt trong hiệp 1. Nếu may mắn và sắc bén hơn trong khâu dứt điểm, có thể bộ đôi này đã sớm đem lại bàn thắng cho đội nhà.</p>\r\n<p>Dù thất bại trong trận chung kết nhưng với những gì đã thể hiện, \"song sát\" Công Phượng - Văn Toàn hứa hẹn sẽ mang lại nhiều phương án tấn công và sự sáng tạo hơn nữa trên hàng công của ĐTVN trong thời gian tới.</p>',29,1,50,1,'',0,'2019-06-19','/uploads/1560934956916vtcp.jpg',32),(3,8,'Thái Lan chơi lớn mơ lật đổ Việt Nam: Bổ nhiệm \"hàng khủng\' từ Barca làm sếp','2019-06-20 00:00:00','Bóng đá Thái Lan quyết tâm vượt mặt Việt Nam và tạo nên cuộc cách mạng sâu rộng bằng việc bổ nhiệm cựu HLV lò đào tạo La Masia làm Giám đốc kỹ thuật.','<p>Với thành tích giành ngôi Á quân của King’s Cup 2019, <a class=\"TextlinkBaiviet\" title=\"ĐT Việt Nam\" href=\"https://www.24h.com.vn/doi-tuyen-viet-nam-c48e3410.html\">ĐT Việt Nam</a> tiếp tục thăng tiến trên bảng xếp hạng FIFA tháng 6/2019. Theo công bố chính thức của FIFA, ĐT Việt Nam xếp thứ 96 thế giới, tăng 2 bậc so với tháng 5/2019 sau 2 trận đấu với ĐT Thái Lan và ĐT Curacao ở King’s Cup 2019 trong tháng 6.</p>\r\n<p><img class=\"news-image initial loading\" style=\"display: block; margin-left: auto; margin-right: auto;\" src=\"https://cdn.24h.com.vn/upload/2-2019/images/2019-06-15/park3-1560584984-660-width660height538.jpg\" alt=\"Việt Nam nhảy vọt bảng xếp hạng FIFA tháng 6: Thầy Park nói gì? - 1\" data-was-processed=\"true\" /></p>\r\n<p style=\"text-align: center;\"><em><span style=\"color: #2880b9;\">Chiến thắng trước ĐT Thái Lan ở King\'s Cup 2019 giúp ĐT Việt Nam thăng tiến trên bảng xếp hạng FIFA tháng 6/2019</span></em></p>\r\n<p>Ngoài ra, ĐT Việt Nam thẳng tiến vào top 15 đội mạnh nhất châu Á và được xếp vào nhóm 2 trong việc phân nhóm vòng loại <a class=\"TextlinkBaiviet\" title=\"World Cup\" href=\"https://www.24h.com.vn/world-cup-2018-c48e2601.html\">World Cup</a> 2022 khu vực châu Á. Thành tích kể trên giúp thầy trò ông Park Hang Seo tiến gần hơn đến giấc mơ thành công ở vòng loại World Cup 2022, ít nhất là tiến vào đến vòng loại cuối cùng của khu vực châu Á.</p>\r\n<p>Tham dự một sự kiện tại TP HCM chiều ngày 15/6, thầy Park tỏ ra rất vui với bước tiến mới của ĐT Việt Nam trên bảng xếp hạng FIFA. Bởi khi ký hợp đồng với VFF, HLV người Hàn Quốc từng hứa sẽ đưa ĐT Việt Nam vào top 100 thế giới sau 2 năm.</p>\r\n<p>Nhưng khi hợp đồng của thầy Park với VFF còn đến 7 tháng nữa mới đáo hạn, chiến lược gia người Hàn Quốc còn làm được nhiều hơn thế. Ông nói: “Tôi rất vui khi ĐT Việt Nam nhảy từ vị trí 98 lên 86 trên bảng xếp hạng FIFA.</p>\r\n<p>ĐT Việt nam đã tiến thêm 2 bậc trên bảng xếp hạng và điều này mang ý nghĩa vô cùng lớn khi chúng ta chắc chắn nằm trong nhóm 2 của phân nhóm hạt giống vòng loại World Cup 2022 khu vực châu Á. Tất nhiên, ở nhóm này thì ĐT Việt Nam sẽ có nhiều thuận lợi hơn so với các đội xếp dưới ở bảng xếp hạng FIFA.</p>\r\n<p> </p>\r\n<div>\r\n<div><img class=\"news-image loaded\" style=\"display: block; margin-left: auto; margin-right: auto;\" src=\"https://cdn.24h.com.vn/upload/2-2019/images/2019-06-15/park2-1560585038-925-width660height440.jpg\" alt=\"Việt Nam nhảy vọt bảng xếp hạng FIFA tháng 6: Thầy Park nói gì? - 2\" data-original=\"https://cdn.24h.com.vn/upload/2-2019/images/2019-06-15/park2-1560585038-925-width660height440.jpg\" data-was-processed=\"true\" /></div>\r\n</div>\r\n<p style=\"text-align: center;\"><span style=\"color: #2880b9;\"><em>Thầy Park rất vui với bước thăng tiến của ĐT Việt Nam trên bảng xếp hạng FIFA</em></span></p>\r\n<p>Còn về vòng loại World Cup 2022, chúng tôi đã định hình được bộ khung của ĐT Việt Nam qua nhiều giải đấu và nắm được tình hình, phong độ của nhiều cầu thủ. Tuy vậy, thời gian tới chúng tôi vẫn phải theo dõi thêm V-League để chọn cầu thủ có phong độ tốt nhất, phù hợp nhất để gọi lên đội tuyển.”</p>\r\n<p>Bên cạnh vòng loại World Cup 2022, thầy Park còn chia sẻ rằng bóng đá Việt Nam còn một mục tiêu quan trọng nữa trong năm 2019 nữa là SEA Games 30 tại Philippines. HLV người Hàn Quốc cho biết đội tuyển U23 Việt Nam sẽ có các đợt tập trung trong tháng 7, 8, 9 và 10 để định hình bộ khung chuẩn bị cho mục tiêu giành huy chương vàng SEA Games 2019 vào cuối năm.</p>\r\n<p>Đặc biệt, thầy Park lần đầu tiên tiết lộ về việc ông chọn cầu thủ đá luân lưu 11m trong trận <a class=\"TextlinkBaiviet\" title=\"chung kết\" href=\"https://www.24h.com.vn/world-cup-2018-c48e2601.html\">chung kết</a>King’s Cup 2019 với ĐT Curacao hôm 8/6 rằng: “Nhiều cầu thủ Việt Nam có tâm lý không tốt khi đứng trước chấm 11m. Như Đức Huy của ĐT Việt Nam vậy. Tôi chọn cậu ấy lên đá luân lưu, nhưng cậu ấy đã từ chối và nói rằng: Không, con không đá đâu! Con sợ lắm!”.</p>',29,0,901,1,'',0,'2019-06-19','/uploads/1560935142613park.jpg',32),(4,8,'Ông Park ở Việt Nam chứ chẳng đi đâu cả','2019-06-20 00:00:00','Nếu không tiếp tục gắn bó với bóng đá Việt Nam, ông Park Hang-seo có sẵn rất nhiều lời mời từ các nước khác về làm việc sau những tiếng vang lớn ở Đông Nam Á và châu lục.','<p>Sau chức vô địch AFF Cup 2018, có một số nơi ngắm nghía ông thầy người Hàn Quốc (HQ) mời về dẫn dắt đội tuyển quốc gia. Thậm chí những người bạn ông Park cũng khuyên ông nên dừng lại khi đã đưa <a class=\"TextlinkBaiviet\" title=\"bóng đá Việt Nam\" href=\"https://www.24h.com.vn/bong-da-viet-nam-c182.html\">bóng đá Việt Nam</a> (VN) lên đỉnh Đông Nam Á như mong ước, chưa kể ngôi á quân U-23 châu Á 2018 và bán kết Asiad 18.</p>\r\n<p><img class=\"news-image initial loading\" style=\"display: block; margin-left: auto; margin-right: auto;\" src=\"https://vcdn.24h.com.vn/upload/2-2019/images/2019-06-18/15-park_wlco-660-1560820411-788-width660height495.jpg\" alt=\"Ông Park ở Việt Nam chứ chẳng đi đâu cả - 1\" data-was-processed=\"true\" /></p>\r\n<p style=\"text-align: center;\"><span style=\"color: #2880b9;\"><em>HLV Park Hang-seo tiếp tục ở lại với mong muốn cùng thăng hoa với <a class=\"TextlinkBaiviet\" style=\"color: #2880b9;\" title=\"bóng đá\" href=\"https://www.24h.com.vn/bong-da-c48.html\">bóng đá</a> VN. Ảnh: NGỌC DUNG</em></span></p>\r\n<p>HLV Park Hang-seo không chịu vì ông nghĩ mình có những món nợ ân tình với các đội tuyển quốc gia và người yêu bóng đá VN. Ông đã sống lại phút giây đẹp đẽ như hồi làm trợ lý HLV Guus Hiddink giúp tuyển HQ đứng thứ tư thế giới năm 2002 dù không quên thời khắc cay đắng khi làng bóng chuyên nghiệp quê hương đóng sập cửa với ông.</p>\r\n<p> </p>\r\n<p>Suốt hơn 10 năm chỉ hành nghề với các CLB làng nhàng ở HQ và thậm chí thất nghiệp vì không có LĐBĐ quốc gia khác cho thử việc, đặc biệt tại Trung Quốc, ông Park cho rằng mình may mắn gặp bầu Đức rồi về với làng bóng VN.</p>\r\n<p>Chuỗi ngày hạnh phúc của thầy Park kéo dài hơn một năm rưỡi qua với những quả ngọt vượt quá mong đợi. Ông Park dẫn dắt các học trò như cá gặp nước và các đội tuyển VN như hồi sinh sau hơn một thập niên lận đận.</p>\r\n<p>Đó là cái duyên của HLV Park Hang-seo và bóng đá VN mà không phải lúc nào hai bên cũng gặp nhau đúng người, đúng thời điểm.</p>\r\n<p>Hồi đầu năm 2019, sau khi giúp đội tuyển VN vào đến tứ kết Asian Cup, ông Park lại gây ngỡ ngàng với làng bóng châu Á và chuyện hợp đồng với VFF có dịp xới lên. Khi ấy ông thầy Hàn cho rằng chưa phải lúc vì ông mới thực hiện nửa chặng đường của bản hợp đồng. Đến khi đưa U-23 VN đứng đầu bảng vòng loại U-23 châu Á và giành vé chơi vòng chung kết 2020, ông Park hẹn ba tháng nữa bật mí nhưng trong suy nghĩ vẫn chưa muốn gắn bó với làng bóng nào khác.</p>\r\n<p>Bị tác động từ nhiều phía hoặc do các đối tác bắn tiếng với những ưu đãi quyến rũ hơn nhiều mức lương hiện tại, ông Park vẫn chưa bao giờ hé môi nói về tương lai của mình.</p>\r\n<p>Tuy nhiên, sau rất nhiều thành công rực rỡ nhờ cái duyên lạ, ông thầy người HQ vẫn khẳng định sẽ ưu tiên tái ký hợp đồng với bóng đá VN bởi cả hai đã và đang làm sáng sủa tên tuổi của nhau.</p>\r\n<p>“Tôi gắn bó với làng bóng mới và may mắn nhận rất nhiều sự yêu mến của người yêu bóng đá VN. Bản thân tôi luôn có suy nghĩ mình cần có trách nhiệm đền đáp lại tình cảm ấy. Tôi vẫn còn nhiều ấp ủ cho bóng đá VN và khao khát mang lại nhiều niềm vui cho giới hâm mộ” - HLV Park Hang-seo tái khẳng định.</p>',29,1,20,1,'',0,'2019-06-19','/uploads/1560935256050park1.jpg',32),(5,8,'Báo Hàn Quốc e ngại đụng \"bảng tử thần\" có Việt Nam ở vòng loại World Cup','2019-06-20 00:00:00','ĐT Việt Nam là một trong những đội tuyển mà dư luận Hàn Quốc phải e dè ở nhóm hạt giống số 2 của vòng loại World Cup 2022 khu vực châu Á.','<p>1 tháng nữa lễ bốc thăm vòng loại <a class=\"TextlinkBaiviet\" title=\"World Cup\" href=\"https://www.24h.com.vn/world-cup-2018-c48e2601.html\">World Cup</a> 2022 khu vực châu Á sẽ diễn ra và lúc này các đội tuyển đã xác định nhóm hạt giống của mình. <a class=\"TextlinkBaiviet\" title=\"ĐT Việt Nam\" href=\"https://www.24h.com.vn/doi-tuyen-viet-nam-c48e3410.html\">ĐT Việt Nam</a> nằm ở nhóm 2 và do đó tránh được một cơ số đáng kể đội tuyển mạnh ở nhóm này, còn việc chúng ta gặp một trong những đội mạnh của nhóm 1 là điều tất yếu.</p>\r\n<p><img class=\"news-image initial loading\" style=\"display: block; margin-left: auto; margin-right: auto;\" src=\"https://cdn.24h.com.vn/upload/2-2019/images/2019-06-17/687-660-1560730040-232-width660height595.jpg\" alt=\"Báo Hàn Quốc e ngại đụng &amp;#34;bảng tử thần&amp;#34; có Việt Nam ở vòng loại World Cup - 1\" data-was-processed=\"true\" /></p>\r\n<p>Tờ Best Eleven cho rằng bảng đấu khó nhất cho Hàn Quốc sẽ có ĐT Việt Nam, Bắc Triều Tiên &amp; Kuwait</p>\r\n<p>Nhưng nếu chúng ta phải chuẩn bị đối đầu một trong những đại diện của nhóm 1 thì những đội tuyển trong nhóm này cũng không hề tỏ ra khinh thường ĐT Việt Nam. Thậm chí dư luận Hàn Quốc đã bắt đầu đặt ra trường hợp rằng họ sẽ rơi vào bảng đấu khó nhất có thể nếu Việt Nam cũng nằm cùng bảng.</p>\r\n<p>Tờ Best Eleven, chuyên trang bóng đá tại Hàn Quốc, vừa có bài viết đề cập tới các trường hợp mà ĐT Hàn Quốc có thể rơi vào khi lễ bốc thăm kết thúc. Tờ này chỉ ra rằng bảng đấu khó nhất có thể cho Hàn Quốc là một bảng đấu có cả Việt Nam, Bắc Triều Tiên và Kuwait.</p>\r\n<p>Trong bài viết của tờ này có đoạn: “Nhóm hạt giống số 2 là tâm điểm chú ý của chúng ta bởi ở đó có 2 thế lực đang trỗi dậy mạnh mẽ là Uzbekistan và Việt Nam dẫn dắt bởi Park Hang-seo. Không những vậy nhóm này còn có sự góp mặt của đội tuyển dễ gây bất ngờ Iraq”.</p>\r\n<p>“Ở nhóm 3, đối đầu với Bắc Triều Tiên luôn luôn là một trải nghiệm khó khăn cho ĐT Hàn Quốc. Và ở nhóm 4 lại có sự góp mặt của Kuwait, họ luôn có khả năng tạo nên những kết quả gây sốc tại các giải đấu chính thức. Khó mà bảo đảm tấm vé đi tiếp của ĐT Hàn Quốc nếu chung bảng với những đội tuyển này”.</p>\r\n<p> </p>\r\n<div>\r\n<div><img class=\"news-image loaded\" style=\"display: block; margin-left: auto; margin-right: auto;\" src=\"https://cdn.24h.com.vn/upload/2-2019/images/2019-06-17/867-660-1560730068-722-width660height546.jpg\" alt=\"Báo Hàn Quốc e ngại đụng &amp;#34;bảng tử thần&amp;#34; có Việt Nam ở vòng loại World Cup - 2\" data-original=\"https://cdn.24h.com.vn/upload/2-2019/images/2019-06-17/867-660-1560730068-722-width660height546.jpg\" data-was-processed=\"true\" />\r\n<div id=\"24h-banner-in-image\">\r\n<div id=\"ADS_139_15s\" class=\"txtCent\"> </div>\r\n</div>\r\n</div>\r\n</div>\r\n<p> </p>\r\n<p>Best Eleven viết về sự thăng tiến của ĐT Việt Nam trên BXH FIFA</p>\r\n<p>Chỉ 2 ngày trước Best Eleven cũng đã có bài viết nói về sự thăng tiến nhanh chóng của ĐT Việt Nam dưới thời HLV <a class=\"TextlinkBaiviet\" title=\"Park Hang Seo\" href=\"https://www.24h.com.vn/hlv-park-hang-seo-c48e5068.html\">Park Hang Seo</a> khi leo lên vị trí thứ 96 trên BXH FIFA, cao nhất trong vòng 20 năm trở lại đây. “Nói đến quá trình này không thể không nhắc tới HLV Park. Từ tháng 9/2017 khi ĐT Việt Nam còn quanh quẩn ở vị trí 110, ông đã bình tĩnh chuyển mình đội tuyển này thành một đội bóng hoàn toàn khác với thành công lớn nhất là chức vô địch AFF Cup 2018”, bài viết đề cập.</p>\r\n<p>“Việt Nam đã từng ở vị trí thứ 84 trên BXH vào năm 1998. Không có gì là không thể cho họ sánh bằng hay thậm chí vượt qua vị trí đó nếu giữ được phong độ hiện tại”.</p>',29,1,42,1,'',0,'2019-06-19','/uploads/1560935382850hq.jpg',32),(6,9,'Cập nhật Halle Open ngày 2: Đối thủ khó lường chờ nhà vô địch','2019-06-20 00:00:00','(Tin tennis) Nhà đương kim vô địch Borna Coric chạm trán một chuyên gia sân cỏ đáng gờm.','<p>David Goffin khởi đầu khá suôn sẻ tại Halle khi hủy diệt hạt giống số 8 Guido Pella với chỉ 2 ván thua. Tay vợt người Bỉ đã chơi với phong độ rất cao thời gian gần đây và sẽ có cơ hội lớn đi sâu ở giải này. Tuy nhiên Albot cũng đang có một mùa giải khá tốt, khởi đầu Halle Open với chiến thắng trước chuyên gia sân cỏ Matthew Ebden.</p>\r\n<p><img class=\"news-image initial loading\" src=\"https://cdn.24h.com.vn/upload/2-2019/images/2019-06-19/658678-660-1560907513-793-width660height420.jpg\" alt=\"Cập nhật Halle Open ngày 2: Đối thủ khó lường chờ nhà vô địch - 1\" data-was-processed=\"true\" /></p>\r\n<p>David Goffin</p>\r\n<p>Dù vậy Albot đã thua cả 2 lần gặp Goffin trước đây, dù cả hai trận tỷ số khá sát sao, và trận nào Albot cũng không đối phó được với khả năng đánh bóng ở tốc độ cao của Goffin. Một kết quả tương tự nhiều khả năng sẽ diễn ra với lần gặp này.</p>\r\n<p><strong>Karen Khachanov – Jan-Lennard Struff: Khoảng 18h30, 19/6</strong></p>\r\n<p>Trận đấu của những tay vợt ưa chuộng lối chơi sức mạnh. Khachanov đang chơi tốt trong thời gian gần đây sau khởi đầu nghèo nàn hồi đầu năm. Dù vậy Struff đang có phong độ rất cao, lối đánh thiên về uy lực của anh luôn gây khó dễ cho ngay cả những tay vợt hàng đầu của làng <a class=\"TextlinkBaiviet\" title=\"quần vợt\" href=\"https://www.24h.com.vn/tennis-c119.html\">quần vợt</a> nam. Struff đã hạ Laslo Djere chóng vánh ở vòng 1 và dù trận này hứa hẹn khó hơn, Struff dễ có được chiến thắng khi chơi với sự tự tin cao trước các khán giả nhà.</p>\r\n<p><strong>Pierre-Hughes Herbert – Sergiy Stakhovsky: Khoảng 20h, 19/6</strong></p>\r\n<p>Hai tay vợt này đều có một lối chơi sẽ khiến khán giả nhớ về những trận đấu sân cỏ xưa cũ, do cả hai đều rất hăng lên lưới và tận dụng mọi cơ hội có thể để dụ đối phương vào những vị trí không thuận lợi. Chắc chắn đây sẽ là một trận đấu có đầy những pha giao đấu thú vị trên lưới, nhưng Herbert là người có kinh nghiệm đánh volley tốt hơn hẳn. Herbert không chỉ đang hơn đối thủ người Ukraine 80 bậc và đã toàn thắng 2 trận trước đó, anh còn từng 2 lần vô địch Grand Slam nội dung đánh đôi.</p>\r\n<p><strong>Borna Coric – Joao Sousa: Khoảng 22h, 19/6</strong></p>\r\n<p style=\"text-align: left;\">Nhà đương kim vô địch Borna Coric khởi đầu ấn tượng tại Halle Open khi “xơi tái” Jaume Munar trong 2 set nhanh chóng, nhưng đối thủ của anh tối nay là một tay vợt chơi khá tốt trên mặt sân cỏ. Sousa không có được một phong độ tốt nhưng đã vượt qua vòng loại trước khi thắng Hubert Hurkacz trong 2 set ở vòng 1.</p>\r\n<div>\r\n<div><img class=\"news-image loaded\" style=\"display: block; margin-left: auto; margin-right: auto;\" src=\"https://cdn.24h.com.vn/upload/2-2019/images/2019-06-19/coric-e1560899181364-660-1560907524-618-width660height430.jpg\" alt=\"Cập nhật Halle Open ngày 2: Đối thủ khó lường chờ nhà vô địch - 2\" data-original=\"https://cdn.24h.com.vn/upload/2-2019/images/2019-06-19/coric-e1560899181364-660-1560907524-618-width660height430.jpg\" data-was-processed=\"true\" /></div>\r\n</div>\r\n<p style=\"text-align: center;\"><em><span style=\"color: #2880b9;\">Borna Coric</span></em></p>\r\n<p>Sousa có những cú cắt bóng trái tay rất khó lường, và kết hợp với đó là những cú thuận tay inside-out rất hữu dụng khi chơi trên mặt sân cỏ. Coric có khả năng phòng ngự tốt để hạn chế hiệu quả từ các pha tấn công của Sousa, nhưng anh sẽ phải đổ mồ hôi nhiều hơn so với trận trước.</p>',29,1,211,1,'',0,'2019-06-19','/uploads/1560935693009albot.jpg',32),(7,9,'Federer - Millman: Set 1 \"tra tấn\", bừng bừng cơn thịnh nộ','2019-06-20 00:00:00','Federer đã có màn khởi đầu đầy khó khăn trước tay vợt từng đánh bại mình ở US Open 2018.','<h2 class=\"ctTp\">(Video, kết quả tennis Roger Federer - John Millman, vòng 1 Halle Open) Federer đã có màn khởi đầu đầy khó khăn trước tay vợt từng đánh bại mình ở US Open 2018.</h2>\r\n<div class=\"sbNws\"> </div>\r\n<div align=\"center\">\r\n<div class=\"viewVideoPlay\">\r\n<div id=\"zplayer_00d2f1_container\" class=\"v-24h-media-player\">\r\n<div id=\"v-24hContainer_zplayer_00d2f1\">\r\n<div id=\"zplayer_00d2f1\" class=\"video-js vjs-default-skin vjs-16-9 zplayer_00d2f1-dimensions vjs-controls-enabled vjs-workinghover vjs-v5 vjs-controlbar-always-show vjs-viewportautoplay vjs-minable vjs-has-started vjs-contextmenu-ui vjs-playing mini-player vjs-user-inactive\" tabindex=\"-1\" role=\"region\" aria-label=\"video player\"><iframe src=\"//www.youtube.com/embed/ZMeGSRd9LHE\" width=\"560\" height=\"315\" frameborder=\"0\" allowfullscreen=\"allowfullscreen\"></iframe></div>\r\n</div>\r\n</div>\r\n<div id=\"recommend_bai_viet_zplayer_00d2f1\">\r\n<div id=\"box_recommend_zplayer_00d2f1\" class=\"bxRcdVid\">\r\n<div id=\"prvVid_zplayer_00d2f1\" class=\"prvVid_recommendzplayer_00d2f1 prvVid\"> </div>\r\n<div id=\"nxtVid_zplayer_00d2f1\" class=\"nxtVid_recommendzplayer_00d2f1 nxtVid\"> </div>\r\n</div>\r\n<img src=\"data:image/gif;base64,R0lGODlhAQABAIAAAP///////yH5BAEKAAEALAAAAAABAAEAAAICTAEAOw==\" width=\"0\" height=\"0\" /></div>\r\n</div>\r\n</div>\r\n<p>John Millman từng đánh bại <strong>Roger Federer</strong> ở US Open năm ngoái và tiếp tục có màn khởi đầu ấn tượng khi tái ngộ \"Tàu tốc hành\" ở vòng 1 Halle Open . <a class=\"TextlinkBaiviet\" title=\"Federer\" href=\"https://www.24h.com.vn/roger-federer-tay-vot-vi-dai-c101e3113.html\">Federer</a> không có bất kì cơ hội giành break nào trước lối chơi khó chịu của tay vợt người Australia, buộc set 1 phải phân định thắng thua bằng tie-break.</p>\r\n<p align=\"center\"><img class=\"news-image initial loading\" src=\"https://cdn.24h.com.vn/upload/2-2019/images/2019-06-19/Video-ket-qua-tennis-Federer---Millman-Set-1-d9w-0idx4aaswqh-1560878766-424-width660height499.jpg\" alt=\"Federer - Millman: Set 1 &amp;#34;tra tấn&amp;#34;, bừng bừng cơn thịnh nộ - 1\" data-was-processed=\"true\" /></p>\r\n<p align=\"center\">Federer \"phục thù\" thành công John Millman</p>\r\n<p>Tuy nhiên trong tình cảnh khó khăn, huyền thoại 38 tuổi đã thể hiện đẳng cấp đúng lúc. Không chỉ \"đè bẹp\" đối thủ 7-1 trong loạt \"đấu súng\" cân não, Federer còn xuất sắc giành break và khép lại set 2 với tỉ số 6-3.</p>\r\n<p>Tiến vào vòng 2, Federer sẽ chạm trán một chướng ngại khó chịu khác, Jo-Wilfried Tsonga.</p>',29,0,1001,1,'',0,'2019-06-19','/uploads/1560944511561fer.jpg',32),(8,9,'Bảng xếp hạng tennis 17/6: Federer bứt tốc hạ Nadal, \"nam thần\" gây sốc top 30','2019-06-20 00:00:00','Roger Federer tràn trề cơ hội giành thêm nhiều điểm số ở mùa giải sân cỏ 2019.','<p><em>VIDEO: Màn đối đầu <a class=\"TextlinkBaiviet\" title=\"Federer\" href=\"https://www.24h.com.vn/roger-federer-tay-vot-vi-dai-c101e3113.html\">Federer</a> - <a class=\"TextlinkBaiviet\" title=\"Nadal\" href=\"https://www.24h.com.vn/rafael-nadal-c101e4418.html\">Nadal</a> ở chung kết Roland Garros 2019</em></p>\r\n<div align=\"center\">\r\n<div class=\"viewVideoPlay\">\r\n<div id=\"zplayer_f93a01_container\" class=\"v-24h-media-player\">\r\n<div id=\"v-24hContainer_zplayer_f93a01\">\r\n<div id=\"zplayer_f93a01\" class=\"video-js vjs-default-skin vjs-16-9 zplayer_f93a01-dimensions vjs-controls-enabled vjs-workinghover vjs-v5 vjs-controlbar-always-show vjs-viewportautoplay vjs-minable vjs-has-started vjs-contextmenu-ui vjs-paused vjs-ad-loading vjs-ad-playing mini-player vjs-user-inactive\" tabindex=\"-1\" role=\"region\" aria-label=\"video player\"><video id=\"zplayer_f93a01_html5_api\" class=\"vjs-tech\" tabindex=\"-1\" src=\"blob:https://www.24h.com.vn/0bfa9618-2d59-4413-b674-7447fb4c3372\" preload=\"none\" autoplay=\"autoplay\" width=\"610\" height=\"305\" data-mce-fragment=\"1\"></video></div>\r\n<div id=\"zplayer_f93a01-minableMon\"> </div>\r\n</div>\r\n</div>\r\n</div>\r\n</div>\r\n<p><strong>Roger Federer</strong> đã 37 tuổi nhưng vẫn chơi thành công ở mùa giải đất nện, nơi mặt sân không ưa thích của anh. Với thành tích lọt vào 2 tứ kết Masters, 1 bán kết Grand Slam, \"Tàu tốc hành\" có thêm 1.080 điểm và hiện tại chỉ còn kém tay vợt số 2 thế giới <a class=\"TextlinkBaiviet\" title=\"Rafael Nadal\" href=\"https://www.24h.com.vn/rafael-nadal-c101e4418.html\">Rafael Nadal</a> 1.525 điểm.</p>\r\n<p><img class=\"news-image initial loading\" style=\"display: block; margin-left: auto; margin-right: auto;\" src=\"https://cdn.24h.com.vn/upload/2-2019/images/2019-06-17/Bang-xep-hang-tennis-17-6-Federer-but-toc-ha-Nadal-federer_nadal1-1560761140-774-width660height365.jpg\" alt=\"Bảng xếp hạng tennis 17/6: Federer bứt tốc hạ Nadal, &amp;#34;nam thần&amp;#34; gây sốc top 30 - 1\" data-was-processed=\"true\" /></p>\r\n<p>Federer tăng tốc để mơ vượt Nadal sau khi mùa giải sân cỏ khép lại</p>\r\n<p>Khoảng cách không quá lớn giữa hai tay vợt sẽ tạo điều kiện cho Federer rút ngắn, cũng có thể vượt qua \"Bò tót\" sau khi mùa giải sân cỏ khép lại. Theo dự kiến, \"Tàu tốc hành\" tham dự 2 giải đấu gồm ATP 500 (Halle Open) và Grand Slam (Wimbledon), anh sẽ có cơ hội giành được tối đa 1.840 điểm (bảo vệ 660 điểm), ngược lại Nadal chỉ có thể thêm tối đa 1.280 điểm vì phải bảo vệ thành tích lọt vào bán kết Wimbledon 2019 (720 điểm).</p>\r\n<p>Có 5 sự thay đổi trên bảng xếp hạng ATP top 30 tuần qua. Do sự thăng tiến của tay vợt 23 tuổi người Italia - Matteo Berrettini nên đã khiến 4 đối thủ khác tụt hạng. Với thành tích vô địch Stuttgart Open 2019, Matteo Berrettini đã có thêm 250 điểm tăng 8 bậc, lần đầu tiên lên hạng 22 thế giới. Tay vợt 23 tuổi hiện chỉ kém đàn anh Fabio Fognini ở Italia.</p>\r\n<p><img class=\"news-image loaded\" style=\"display: block; margin-left: auto; margin-right: auto;\" src=\"https://cdn.24h.com.vn/upload/2-2019/images/2019-06-17/Bang-xep-hang-tennis-17-6-Federer-but-toc-ha-Nadal-dientrai1-1560761140-413-width660height371.jpg\" alt=\"Bảng xếp hạng tennis 17/6: Federer bứt tốc hạ Nadal, &amp;#34;nam thần&amp;#34; gây sốc top 30 - 2\" data-original=\"https://cdn.24h.com.vn/upload/2-2019/images/2019-06-17/Bang-xep-hang-tennis-17-6-Federer-but-toc-ha-Nadal-dientrai1-1560761140-413-width660height371.jpg\" data-was-processed=\"true\" /></p>\r\n<p>Tay vợt người Italia tăng 8 bậc trên bảng xếp hạng ATP có gương mặt điển trai sở hữu chiều cao tới 1m96</p>\r\n<p>Bảng xếp hạng đơn nữ WTA, các thay đổi cũng chỉ đến ở ngoài top 20. Trở thành nhà vô địch Nottingham Open, tay vợt người Pháp - Caroline Garcia tăng 5 bậc, lên hạng 23 thế giới. Sự thăng tiến của tay vợt 25 tuổi đã khiến 5 đồng nghiệp khác nhận tin buồn tụt hạng.</p>',29,0,112,1,'',0,'2019-06-19','/uploads/1560936122663fer1.jpg',32),(9,9,'Nadal bá chủ Roland Garros: Vẫn kém \"Vua\" Federer và 6 cao thủ đất nện','2019-06-20 00:00:00','Rafael Nadal có thể là \"Vua\" Roland Garros nhưng để trở thành tay vợt vĩ đại nhất mặt sân này anh cần tiếp tục cố gắng.','<p><em>Video tình huống cứu bóng đỉnh cao của <a class=\"TextlinkBaiviet\" title=\"Nadal\" href=\"https://www.24h.com.vn/rafael-nadal-c101e4418.html\">Nadal</a> trong trận chung kết Roland Garros 2019</em></p>\r\n<div align=\"center\">\r\n<div class=\"viewVideoPlay\">\r\n<div id=\"zplayer_f1a931_container\" class=\"v-24h-media-player\">\r\n<div id=\"v-24hContainer_zplayer_f1a931\">\r\n<div id=\"zplayer_f1a931\" class=\"video-js vjs-default-skin vjs-16-9 zplayer_f1a931-dimensions vjs-controls-enabled vjs-workinghover vjs-v5 vjs-controlbar-always-show vjs-viewportautoplay vjs-minable vjs-has-started vjs-contextmenu-ui vjs-ad-playing vjs-paused mini-player vjs-user-inactive\" tabindex=\"-1\" role=\"region\" aria-label=\"video player\"><video id=\"zplayer_f1a931_html5_api\" class=\"vjs-tech\" tabindex=\"-1\" src=\"blob:https://www.24h.com.vn/4fd55f31-c2e3-4f2a-a263-d026a6e81769\" preload=\"none\" autoplay=\"autoplay\" width=\"596\" height=\"298\" data-mce-fragment=\"1\"></video>\r\n<div> </div>\r\n</div>\r\n</div>\r\n</div>\r\n</div>\r\n</div>\r\n<p>Ở tuổi 33, <strong>Rafael Nadal</strong> trở thành tay vợt đầu tiên trong lịch sử <a class=\"TextlinkBaiviet\" title=\"tennis\" href=\"https://www.24h.com.vn/tennis-c119.html\">tennis</a> chạm tới 12 danh hiệu Grand Slam ở giải Roland Garros. Thành tích độc nhất càng được tô điểm khi tỷ lệ giành chiến thắng của \"Bò tót\" trong những lần lọt vào chung kết Roland Garros là tuyệt đối, sau 14 lần tham dự giải đấu tại Pháp tay vợt Tây Ban Nha trải qua 95 trận và thắng tới 93 chỉ để thua 2.</p>\r\n<p><img class=\"news-image initial loading\" style=\"display: block; margin-left: auto; margin-right: auto;\" src=\"https://cdn.24h.com.vn/upload/2-2019/images/2019-06-10/Nadal-ba-chu-Roland-Garros-Van-kem-federer_nadal-1560164450-352-width660height440.jpg\" alt=\"Nadal bá chủ Roland Garros: Vẫn kém &amp;#34;Vua&amp;#34; Federer và 6 cao thủ đất nện - 1\" data-was-processed=\"true\" /></p>\r\n<p>Số trận thắng nhiều nhất của Rafa tại Roland Garros chưa bằng <a class=\"TextlinkBaiviet\" title=\"Federer\" href=\"https://www.24h.com.vn/roger-federer-tay-vot-vi-dai-c101e3113.html\">Federer</a> thắng ở Wimbledon và Australian Open</p>\r\n<p>Thành tích của Nadal thật ấn tượng nhưng Federer cũng không hề kém cạnh, \"Tàu tốc hành\" dù không có thành tích tốt tại Roland Garros nhưng cũng giành tới 70 trận thắng ở Grand Slam Pháp. Xét rộng hơn, Federer \"ăn đứt\" Nadal trên các mặt sân cỏ và cứng. Theo đó FedEx đã giành được tổng cộng 97 trận thắng tại Australian Open (Nadal thắng 61) và tay vợt Thụy Sỹ dẫn đầu tỷ lệ thắng Wimbledon (95 trận) trong khi Rafa chỉ có 48 thắng lợi.</p>\r\n<p>Với 58 danh hiệu trên mặt sân sở trường, người hâm mộ cho rằng Rafa là \"Vua đất nện\" tuy nhiên tay vợt Tây Ban Nha chỉ thực sự là \"Vua\" ở Roland Garros. Thực tế có 6 tay vợt khác đang có số chức vô địch trên mặt sân bụi đỏ lớn hơn Rafa rất nhiều.</p>\r\n<p>Dẫn đầu là cố huyền thoại người Anh - Jaroslav Drobny có 92 danh hiệu, tiếp đó cố tay vợt người Mỹ - Bill Tilden có 76 chức vô địch, xếp thứ ba là cố tay vợt New Zealand - Anthony Wilding với 75 danh hiệu... Đây là những kỷ lục được tính kể từ khi bắt đầu khai sinh tennis, so sánh như vậy thiệt thòi cho những tay vợt hiện tại nhưng nó cũng là cột mốc tích cực để các tay vợt hướng tới.</p>',29,0,24,1,'',0,'2019-06-19','/uploads/1560936300278nadal.jpg',32),(10,9,'Số 1 tennis 2019: Djokovic \"oằn mình\", Nadal - Federer chờ lật đổ choáng váng','2019-06-20 00:00:00','(Tin thể thao, tin tennis) Sau hơn 1 thập kỷ cuộc đua cạnh tranh ngôi số 1 giữa 3 tay vợt vẫn cực kỳ gay cấn.','<p style=\"text-align: center;\"><iframe src=\"//www.youtube.com/embed/ZMeGSRd9LHE\" width=\"560\" height=\"315\" frameborder=\"0\" allowfullscreen=\"allowfullscreen\"></iframe></p>\r\n<p>Có thể khẳng định làng <strong>tennis</strong> đương đại và những khán giả <a class=\"TextlinkBaiviet\" title=\"tennis\" href=\"https://www.24h.com.vn/tennis-c119.html\">tennis</a> hơn 1 thập kỷ qua đã may mắn được sống trong khoảng thời gian xuất hiện các tay vợt đặc biệt nhất làng tennis. <a class=\"TextlinkBaiviet\" title=\"Roger Federer\" href=\"https://www.24h.com.vn/roger-federer-tay-vot-vi-dai-c101e3113.html\">Roger Federer</a>, Rafael Nadal, Novak Djokovic họ đã nổi lên và giữ những vị trí hàng đầu tennis trong suốt hơn 1 thập kỷ để thâu tóm gần như đầy đủ những danh hiệu cao quý nhất.</p>\r\n<p><img class=\"news-image initial loading\" style=\"display: block; margin-left: auto; margin-right: auto;\" src=\"https://cdn.24h.com.vn/upload/2-2019/images/2019-06-12/Federer-dua-so-1-voi-Nadal-Djokovic-Minh-chu-tennis-2019-lo-dien-tennis-1560338516-208-width660height357.jpg\" alt=\"Số 1 tennis 2019: Djokovic &amp;#34;oằn mình&amp;#34;, Nadal - Federer chờ lật đổ choáng váng - 1\" data-was-processed=\"true\" /></p>\r\n<p>3 \"Ông vua\" thâu tóm những danh hiệu lớn nhất làng banh nỉ</p>\r\n<p>Federer đã giành 20 Grand Slam (GS), 6 ATP World Tour Finals (W) và 28 Masters (M), Djokovic đứng thứ với 15 GS, 5 W, 33 M và Nadal có 18 GS, 0 W và dẫn dầu số danh hiệu Masters (34). Ngoài ra họ còn thay nhau giữ ngôi số 1 thế giới, FedEx từng giữ vị trí số 1 khi 22 tuổi và lần gần nhất anh giữ ngôi số 1 ở tuổi 36, tương tự Nadal cũng có 1 thập kỷ giữ ngôi số 1 và Djokovic đang có gần 8 năm đứng trên đỉnh.</p>\r\n<p>Hơn 1 thập kỷ qua sức cạnh tranh giữa 3 tay vợt vẫn còn nguyên vẹn, vậy cuối năm nay ai sẽ giữ ngôi số 1? Rafael Nadal đang là tay vợt sáng cửa soán ngôi Novak Djokovic, hiện tại Rafal chỉ còn kém \"The Djoker\" 4.770 điểm, ở phía sau <a class=\"TextlinkBaiviet\" title=\"Federer\" href=\"https://www.24h.com.vn/roger-federer-tay-vot-vi-dai-c101e3113.html\">Federer</a> thua Nole 6.045 điểm.</p>\r\n<p>Cơ hội để Nadal và Federer bứt lên giành ngôi số 1 sẽ đến khi từ giờ tới cuối năm tay vợt Serbia phải bảo vệ 7.990 điểm, trong khi Nadal chỉ phải giữ 2.440 điểm số điểm Federer cần bảo vệ là 3.310. Sau chức vô địch Roland Garros lần thứ 12, phong độ và khí thế của \"Bò tót\" lên \"như diều gặp gió\", không loại trừ khả năng tay vợt này sẽ giành thêm 2 Grand Slam và soán ngôi số 1 vào cuối năm 2019.</p>',29,0,28,1,'',0,'2019-06-19','/uploads/1560945083344top3.jpg',32),(11,5,'Trấn Thành đã nghĩ tới chuyện để Hari Won lấy chồng mới, đem gia tài đi làm từ thiện','2019-06-20 00:00:00','Trấn Thành nhắn nhủ bà xã Hari Won: \"Nếu cảm thấy yêu ai được, hãy cứ đi thêm bước nữa\".','<p><a class=\"TextlinkBaiviet\" href=\"https://eva.vn/tran-thanh-p225c20.html\">Trấn Thành</a> được công chúng biết đến và mến mộ với nhiều vai trò khác nhau như MC, diễn viên hài, diễn viên điện ảnh... Trên sân khấu và cả ở ngoài đời thực, người ta luôn nhớ đến một nghệ sĩ có khiếu hài hước, luôn tươi cười và không ngại pha trò. Thế nhưng nếu tiếp xúc sẽ thấy ông xã <a class=\"TextlinkBaiviet\" href=\"https://eva.vn/hari-won-p1508c20.html\">Hari Won</a> còn là người có lối suy nghĩ sâu sắc, chiêm nghiệm cuộc sống.</p>\r\n<p><img class=\"initial loading\" style=\"display: block; margin-left: auto; margin-right: auto;\" src=\"https://cdn.eva.vn/upload/2-2019/images/2019-06-19/tran-thanh-muon-hari-won-cuoi-chong-moi-mang-gia-tai-di-lam-tu-thien-neu-qua-doi-c2-1560911545-33-width660height990.jpg\" alt=\"\" data-was-processed=\"true\" /></p>\r\n<p>Trấn Thành vừa thu hút sự quan tâm đặc biệt khi chia sẻ về câu hỏi: \"Sẽ làm gì nếu chỉ còn 1 ngày để sống?\".</p>\r\n<p>Mới đây, Trấn Thành trả lời phỏng vấn với câu hỏi: <em>“Nếu chỉ còn một ngày để sống, anh sẽ làm gì?” </em>Nam diễn viên hài cho biết anh sẽ hoàn tất trang cuối cho cuốn sách đời mình, sử dụng 24 giờ ngắn ngủi đó một cách trọn vẹn nhất cho những việc sẽ phải làm trước khi lìa xa cõi tạm này.</p>\r\n<p><em>“Tôi vừa là người sống vị kỷ. Tôi yêu bản thân. Nhưng cũng là người sống vị tha, vị nhân sinh. Tôi sẽ để lại cho cha mẹ, vợ con, những đứa em và những người bạn thân nhất mỗi người 1 tài khoản đủ để họ sống tốt hơn. Phần gia tài còn lại, tôi sẽ làm từ thiện. Tôi sẽ ký giấy hiến tạng cho những người cần nó để tiếp tục sống, sẽ hiến xác cho khoa học”</em>, Trấn Thành nói.</p>\r\n<p><img class=\"loading\" style=\"display: block; margin-left: auto; margin-right: auto;\" src=\"https://cdn.eva.vn/upload/2-2019/images/2019-06-19/tran-thanh-muon-hari-won-cuoi-chong-moi-mang-gia-tai-di-lam-tu-thien-neu-qua-doi-c4-1560911545-384-width660height439.jpg\" alt=\"\" data-was-processed=\"true\" /></p>\r\n<p>\"Tôi sẽ ký giấy hiến tạng, hiến xác cho khoa học”, nam nghệ sĩ tiết lộ dự định nếu chỉ còn 1 ngày để sống.</p>\r\n<p>Còn về phần bà xã Hari Won, Trấn Thành cho biết: <em>“Tôi sẽ nói với vợ tôi rằng, nếu cảm thấy yêu ai được, hãy cứ đi thêm bước nữa. Tôi sẽ dặn cha mẹ tôi yêu bản thân hơn và tận hưởng phần đời còn lại của mình, bên nhau, nơi họ không phải vướng bận bất cứ đứa con nào, chỉ họ mà thôi”.</em></p>\r\n<p>Những lời tâm sự sâu sắc của Trấn Thành khiến người hâm mộ rưng rưng, đặc biệt là việc anh khuyến khích Hari Won \"đi thêm bước nữa\", hay quyết định sẽ ký giấy hiến tạng, hiến xác cho khoa học. Với quỹ thời gian 1 ngày, nam nghệ sĩ làm được khá nhiều điều ý nghĩa, cho cả gia đình mình và xã hội.</p>\r\n<p><img class=\"loading\" style=\"display: block; margin-left: auto; margin-right: auto;\" src=\"https://cdn.eva.vn/upload/2-2019/images/2019-06-19/tran-thanh-muon-hari-won-cuoi-chong-moi-mang-gia-tai-di-lam-tu-thien-neu-qua-doi-c5-1560911545-440-width660height440.jpg\" alt=\"\" data-was-processed=\"true\" /></p>\r\n<p style=\"text-align: center;\"><span style=\"color: #2880b9;\"><em>Trấn Thành muốn Hari Won lấy chồng mới sau khi anh qua đời.</em></span></p>\r\n<p>Hari Won và Trấn Thành kết hôn năm 2016. Sau nhiều sóng gió tình cảm, trải qua gần 3 năm bên nhau, 2 vợ chồng vẫn dành cho đối phương tình cảm ngọt ngào như lúc ban đầu. Thời gian gần đây, <a href=\"https://eva.vn/lang-sao/xon-xao-thong-tin-hari-won-da-co-thai-con-dau-long-va-su-that-bat-ngo-c20a391331.html\">cặp đôi liên tục bị giục cũng như vướng tin đồn về việc mang thai con đầu lòng</a>.</p>\r\n<p>Dù chưa lên tiếng phủ nhận hay khẳng định các thông tin này, nhưng cả Trấn Thành và Hari Won đều cho biết bản thân đã sẵn sàng để có con khi \"trời cho\".</p>',29,0,20,1,'',0,'2019-06-19','/uploads/1560936577458hari.jpg',32),(12,5,'Trần Phương Nghi: Người đẹp mồ côi cha, từng bán vé số đăng quang Á hậu','2019-06-20 00:00:00','Đêm Chung kết Hoa hậu Sắc đẹp toàn cầu châu Á 2019 vừa kết thúc tại Malaysia với kết quả Trần Phương Nghi đăng quang Á hậu 3.','<p>Người đẹp Trần Phương Nghi vừa xuất sắc vượt qua nhiều thí sinh để giành danh hiệu Á hậu 3 cuộc thi Hoa hậu sắc đẹp toàn cầu châu Á 2019 mới diễn ra ở Malaysia. Trần Phương Nghi sinh năm 1995, cao 1m70 và sở hữu số đo gợi cảm. Không giống như những người đẹp khác được sinh ra trong nhung lụa, Trần Phương Nghi chịu nhiều thiệt thòi khi từ nhỏ đã không có cha, mẹ làm thuê làm mướn nuôi cô trưởng thành.</p>\r\n<p align=\"center\"><img class=\"news-image initial loaded\" src=\"https://cdn.eva.vn/upload/2-2019/images/2019-05-14/nguoi-dep-tran-phuong-nghi-dang-quang-a-hau-sac-dep-toan-cau-chau-a-2019-1--4--1557840794-252-width660height426.jpg\" alt=\"tran phuong nghi: nguoi dep mo coi cha, tung ban ve so dang quang a hau - 1\" width=\"500\" height=\"323\" data-original=\"https://cdn.eva.vn/upload/2-2019/images/2019-05-14/nguoi-dep-tran-phuong-nghi-dang-quang-a-hau-sac-dep-toan-cau-chau-a-2019-1--4--1557840794-252-width660height426.jpg\" data-was-processed=\"true\" /></p>\r\n<p style=\"text-align: center;\">Đêm Chung kết Hoa hậu Sắc đẹp toàn cầu châu Á 2019 vừa kết thúc tại Malaysia với kết quả Trần Phương Nghi đăng quang Á hậu 3 chung cuộc.</p>\r\n<p align=\"center\"><img class=\"news-image initial loaded\" src=\"https://cdn.eva.vn/upload/2-2019/images/2019-05-14/nguoi-dep-tran-phuong-nghi-dang-quang-a-hau-sac-dep-toan-cau-chau-a-2019-1--6--1557840794-882-width660height959.jpg\" alt=\"tran phuong nghi: nguoi dep mo coi cha, tung ban ve so dang quang a hau - 2\" width=\"500\" height=\"727\" data-original=\"https://cdn.eva.vn/upload/2-2019/images/2019-05-14/nguoi-dep-tran-phuong-nghi-dang-quang-a-hau-sac-dep-toan-cau-chau-a-2019-1--6--1557840794-882-width660height959.jpg\" data-was-processed=\"true\" /></p>\r\n<p style=\"text-align: center;\">Trần Phương Nghi sinh năm 1995, cao 1m70, sở hữu số đo gợi cảm.</p>\r\n<div id=\"ADS_159_15s\" class=\"txtCent\">\r\n<div class=\"collapse_div_slot_dfp\"> </div>\r\n</div>\r\n<p align=\"center\"><img class=\"news-image initial loaded\" src=\"https://cdn.eva.vn/upload/2-2019/images/2019-05-14/nguoi-dep-tran-phuong-nghi-dang-quang-a-hau-sac-dep-toan-cau-chau-a-2019-1--3--1557840794-465-width660height984.jpg\" alt=\"tran phuong nghi: nguoi dep mo coi cha, tung ban ve so dang quang a hau - 3\" width=\"500\" height=\"745\" data-original=\"https://cdn.eva.vn/upload/2-2019/images/2019-05-14/nguoi-dep-tran-phuong-nghi-dang-quang-a-hau-sac-dep-toan-cau-chau-a-2019-1--3--1557840794-465-width660height984.jpg\" data-was-processed=\"true\" /></p>\r\n<p>Năm 13 tuổi, Trần Phương Nghi quyết tâm đi bán vé số kiếm tiền phụ mẹ trang trải cuộc sống, học hành. Sống trong khó khăn từ nhỏ nên Trần Phương Nghi tự lập mọi thứ.</p>\r\n<p align=\"center\"><img class=\"news-image initial loaded\" src=\"https://cdn.eva.vn/upload/2-2019/images/2019-05-14/nguoi-dep-tran-phuong-nghi-dang-quang-a-hau-sac-dep-toan-cau-chau-a-2019-1--9--1557840794-477-width660height990.jpg\" alt=\"tran phuong nghi: nguoi dep mo coi cha, tung ban ve so dang quang a hau - 4\" width=\"500\" height=\"750\" data-original=\"https://cdn.eva.vn/upload/2-2019/images/2019-05-14/nguoi-dep-tran-phuong-nghi-dang-quang-a-hau-sac-dep-toan-cau-chau-a-2019-1--9--1557840794-477-width660height990.jpg\" data-was-processed=\"true\" /></p>\r\n<p>Năm 15 tuổi, cô rời quê lên Sài Gòn làm nhiều công việc như bưng bê, phục vụ để nuôi giấc mộng thay đổi cuộc đời.</p>\r\n<p>Vươn lên trong nhiều năm, đến nay Trần Phương Nghi cảm thấy hạnh phúc vì đã thoát khổ, có cuộc sống ấm cúng bên mẹ. Cô kinh doanh thời trang, xây căn nhà nhỏ dưới quê. Hiện Trần Phương Nghi sống một mình ở Sài Gòn và đang mua nhà trả góp. Để có được ngày hôm nay, cô đã phải vươn lên thay đổi số phận, chăm chỉ làm việc.</p>\r\n<p>Trần Phương Nghi mong muốn câu chuyện của mình trở thành nguồn cảm hứng để những bạn trẻ có hoàn cảnh tương tự biết vươn lên. Chỉ cần cố gắng, có niềm tin vào bản thân mình thì các bạn sẽ làm được. Trần Phương Nghi quan niệm: \"<em>Không được chọn nơi sinh ra nhưng được chọn cách mình sẽ sống</em>”. Dù có kém may mắn, sinh ra trong hoàn cảnh khó khăn, nhưng chỉ cần bạn có ý chí, nghị lực vươn lên thì thành công sẽ đến.</p>\r\n<p align=\"center\"><img class=\"news-image loaded\" src=\"https://cdn.eva.vn/upload/2-2019/images/2019-05-14/nguoi-dep-tran-phuong-nghi-dang-quang-a-hau-sac-dep-toan-cau-chau-a-2019-1--7--1557840794-871-width660height440.jpg\" alt=\"tran phuong nghi: nguoi dep mo coi cha, tung ban ve so dang quang a hau - 5\" data-original=\"https://cdn.eva.vn/upload/2-2019/images/2019-05-14/nguoi-dep-tran-phuong-nghi-dang-quang-a-hau-sac-dep-toan-cau-chau-a-2019-1--7--1557840794-871-width660height440.jpg\" data-was-processed=\"true\" /></p>\r\n<p>Danh hiệu Á hậu 3 là một kỷ niệm đẹp trong cuộc đời Trần Phương Nghi. Biết con gái đạt giải thưởng lớn, mẹ Trần Phương Nghi rất vui và tự hào.</p>\r\n<p align=\"center\"><img class=\"news-image loaded\" src=\"https://cdn.eva.vn/upload/2-2019/images/2019-05-14/nguoi-dep-tran-phuong-nghi-dang-quang-a-hau-sac-dep-toan-cau-chau-a-2019-1--5--1557840794-587-width660height440.jpg\" alt=\"tran phuong nghi: nguoi dep mo coi cha, tung ban ve so dang quang a hau - 6\" data-original=\"https://cdn.eva.vn/upload/2-2019/images/2019-05-14/nguoi-dep-tran-phuong-nghi-dang-quang-a-hau-sac-dep-toan-cau-chau-a-2019-1--5--1557840794-587-width660height440.jpg\" data-was-processed=\"true\" /></p>\r\n<p>Tân Á hậu mới về Việt Nam, sẽ về quê thăm mẹ và họ hàng rồi quay lại TP.HCM làm việc.</p>',29,0,41,1,'',0,'2019-06-19','/uploads/1560936716176phuongnghi.jpg',32),(13,4,'Hoa hậu Tuyết Nga nổi bật giữa dàn trai xinh gái đẹp dự sự kiện','2019-06-20 00:00:00','Hoa hậu Áo dài 2019 lộng lẫy bên Ngọc Trinh và các chân dài, diễn viên nổi tiếng showbiz khác.','<div align=\"center\">\r\n<div class=\"viewVideoPlay\">\r\n<div id=\"zplayer_f42441_container\" class=\"v-24h-media-player\">\r\n<div id=\"v-24hContainer_zplayer_f42441\">\r\n<div id=\"zplayer_f42441\" class=\"video-js vjs-default-skin zplayer_f42441-dimensions vjs-controls-enabled vjs-workinghover vjs-v5 vjs-controlbar-always-show vjs-viewportautoplay vjs-minable vjs-has-started vjs-contextmenu-ui mini-player vjs-user-inactive vjs-playing\" tabindex=\"-1\" role=\"region\" aria-label=\"video player\"><video id=\"zplayer_f42441_html5_api\" class=\"vjs-tech\" tabindex=\"-1\" poster=\"https://cdn.eva.vn/upload/1-2019/images/2019-03-05/1551755953-moduyen_tuyetnga.jpg\" preload=\"metadata\" autoplay=\"autoplay\" width=\"626\" height=\"313\" data-mce-fragment=\"1\"><div pseudo=\"-webkit-media-controls\" class=\"sizing-small phase-ready state-playing\"><div pseudo=\"-webkit-media-controls-overlay-enclosure\"></div><div pseudo=\"-webkit-media-controls-enclosure\"></div></div></video></div>\r\n</div>\r\n</div>\r\n<div id=\"pinListzplayer_f42441\"> </div>\r\n</div>\r\n</div>\r\n<p align=\"center\">XEM VIDEO: MV \"Mơ duyên\" của Hoa hậu Áo dài 2019 Tuyết Nga.</p>\r\n<p>Mới đây, một sự kiện diễn ra tại TP.HCM đã thu hút sự tham dự của dàn khách mời gồm toàn các chân dài, diễn viên <a class=\"TextlinkBaiviet\" href=\"https://eva.vn/lang-sao-c20.html\">nổi tiếng</a> showbiz.</p>\r\n<p align=\"center\"><img class=\"news-image initial loaded\" src=\"https://cdn.eva.vn/upload/2-2019/images/2019-05-09/hoa-hau-tuyet-nga-noi-bat-giua-dan-trai-xinh-gai-dep-1--4--1557412571-538-width660height990.jpg\" alt=\"hoa hau tuyet nga noi bat giua dan trai xinh gai dep du su kien - 1\" width=\"500\" height=\"750\" data-original=\"https://cdn.eva.vn/upload/2-2019/images/2019-05-09/hoa-hau-tuyet-nga-noi-bat-giua-dan-trai-xinh-gai-dep-1--4--1557412571-538-width660height990.jpg\" data-was-processed=\"true\" /></p>\r\n<p>Hoa hậu Áo dài Việt Nam 2019 Tuyết Nga cũng tham gia sự kiện, hội ngộ với nhiều người đẹp làng giải trí.</p>\r\n<p align=\"center\"><img class=\"news-image loaded\" src=\"https://cdn.eva.vn/upload/2-2019/images/2019-05-09/hoa-hau-tuyet-nga-noi-bat-giua-dan-trai-xinh-gai-dep-1--7--1557412571-998-width660height990.jpg\" alt=\"hoa hau tuyet nga noi bat giua dan trai xinh gai dep du su kien - 2\" data-original=\"https://cdn.eva.vn/upload/2-2019/images/2019-05-09/hoa-hau-tuyet-nga-noi-bat-giua-dan-trai-xinh-gai-dep-1--7--1557412571-998-width660height990.jpg\" data-was-processed=\"true\" /></p>\r\n<p>Tuyết Nga diện thiết kế khá kì công, khoe đường cong và thân hình \"chuẩn Hoa hậu\".</p>\r\n<div id=\"ADS_159_15s\" class=\"txtCent\">\r\n<div class=\"collapse_div_slot_dfp\"> </div>\r\n</div>\r\n<p align=\"center\"><img class=\"news-image loaded\" src=\"https://cdn.eva.vn/upload/2-2019/images/2019-05-09/hoa-hau-tuyet-nga-noi-bat-giua-dan-trai-xinh-gai-dep-1--3--1557412571-163-width660height991.jpg\" alt=\"hoa hau tuyet nga noi bat giua dan trai xinh gai dep du su kien - 3\" data-original=\"https://cdn.eva.vn/upload/2-2019/images/2019-05-09/hoa-hau-tuyet-nga-noi-bat-giua-dan-trai-xinh-gai-dep-1--3--1557412571-163-width660height991.jpg\" data-was-processed=\"true\" /></p>\r\n<p>Người đẹp xứ Thanh có dịp hội ngộ Ngọc Trinh - đàn chị đã giúp đỡ cô rất nhiều trong quá trình xây dựng hình ảnh Hoa hậu.</p>\r\n<p align=\"center\"><img class=\"news-image loaded\" src=\"https://cdn.eva.vn/upload/2-2019/images/2019-05-09/hoa-hau-tuyet-nga-noi-bat-giua-dan-trai-xinh-gai-dep-1--9--1557412571-65-width660height439.jpg\" alt=\"hoa hau tuyet nga noi bat giua dan trai xinh gai dep du su kien - 4\" data-original=\"https://cdn.eva.vn/upload/2-2019/images/2019-05-09/hoa-hau-tuyet-nga-noi-bat-giua-dan-trai-xinh-gai-dep-1--9--1557412571-65-width660height439.jpg\" data-was-processed=\"true\" /></p>\r\n<p>Ngoài ra, Tuyết Nga cũng có dịp gặp gỡ ca sĩ Đàm Vĩnh Hưng.</p>\r\n<p align=\"center\"><img class=\"news-image loaded\" src=\"https://cdn.eva.vn/upload/2-2019/images/2019-05-09/hoa-hau-tuyet-nga-noi-bat-giua-dan-trai-xinh-gai-dep-1--5--1557412571-557-width660height990.jpg\" alt=\"hoa hau tuyet nga noi bat giua dan trai xinh gai dep du su kien - 5\" data-original=\"https://cdn.eva.vn/upload/2-2019/images/2019-05-09/hoa-hau-tuyet-nga-noi-bat-giua-dan-trai-xinh-gai-dep-1--5--1557412571-557-width660height990.jpg\" data-was-processed=\"true\" /></p>\r\n<p>Tuyết Nga cho biết, sắp tới cô sẽ cùng nhiều nghệ sĩ khác lên đường sang Cannes, Pháp để tham dự loạt sự kiện giải trí hấp dẫn tại đây. </p>\r\n<p>Sắp tới, Tuyết Nga cũng sẽ ra mắt thêm các sản phẩm âm nhạc sau một loạt các ca khúc thành công như <em>Mẹ, Mơ duyên</em>,… Những dự án này bao gồm những ca khúc, MV về Việt Nam, cũng như những bài hát trữ tình sâu lắng được sáng tác riêng cho giọng hát của Tuyết Nga.</p>\r\n<p align=\"center\"><img class=\"news-image loaded\" src=\"https://cdn.eva.vn/upload/2-2019/images/2019-05-09/hoa-hau-tuyet-nga-noi-bat-giua-dan-trai-xinh-gai-dep-1--6--1557412571-486-width660height982.jpg\" alt=\"hoa hau tuyet nga noi bat giua dan trai xinh gai dep du su kien - 6\" data-original=\"https://cdn.eva.vn/upload/2-2019/images/2019-05-09/hoa-hau-tuyet-nga-noi-bat-giua-dan-trai-xinh-gai-dep-1--6--1557412571-486-width660height982.jpg\" data-was-processed=\"true\" /></p>\r\n<p>Không chỉ có giọng hát, lợi thế về ngoại hình giúp Tuyết Nga hướng đến hình ảnh một nghệ sĩ giải trí đa năng, có thể đáp ứng được nhiều công việc, lĩnh vực khác nhau.</p>',29,0,52,1,'',0,'2019-06-19','/uploads/1560936879981tuyetnga.jpg',32),(14,5,'Hot streamer Linh Ngọc Đàm chính thức \"về chung nhà\" với MisThy, PewPew','2019-06-20 00:00:00','Không chỉ có PewPew, MisThy, Banana hay Fanny Trần, bức ảnh đang \"gây sốt\" còn bất ngờ có sự góp mặt của cô nàng hot streamer Hà Nội Linh Ngọc Đàm.','<p>Vừa qua, dân mạng đã có một phen \"đứng ngồi không yên\" khi bắt gặp bức ảnh quy tụ hàng loạt gương mặt hot streamer, ngôi sao YouTube hàng đầu Việt Nam như: PewPew, MisThy, Linh Ngọc Đàm, Banana, Win.D, Woossi, Vannie, Fanny Trần, Di Di, Min Min, Danny Võ, Nam Phương,...</p>\r\n<p align=\"center\"><img class=\"news-image initial loaded\" src=\"https://cdn.eva.vn/upload/2-2019/images/2019-06-11/cong-dong-mang-phat-sot-khi-streamer-linh-ngoc-dam-chinh-thuc-ve-cung-nha-voi-misthy-pewpew-1--1--1560216373-648-width660height440.jpg\" alt=\"hot streamer linh ngoc dam chinh thuc &amp;#34;ve chung nha&amp;#34; voi misthy, pewpew - 1\" width=\"500\" height=\"333\" data-original=\"https://cdn.eva.vn/upload/2-2019/images/2019-06-11/cong-dong-mang-phat-sot-khi-streamer-linh-ngoc-dam-chinh-thuc-ve-cung-nha-voi-misthy-pewpew-1--1--1560216373-648-width660height440.jpg\" data-was-processed=\"true\" /></p>\r\n<p>Sự xuất hiện của hàng chục streamer, ngôi sao YouTube đình đám trong cùng một khung hình khiến dân mạng \"mắt chữ A mồm chữ O\".</p>\r\n<p align=\"center\"><img class=\"news-image initial loaded\" src=\"https://cdn.eva.vn/upload/2-2019/images/2019-06-11/cong-dong-mang-phat-sot-khi-streamer-linh-ngoc-dam-chinh-thuc-ve-cung-nha-voi-misthy-pewpew-1--3--1560216373-562-width660height440.jpg\" alt=\"hot streamer linh ngoc dam chinh thuc &amp;#34;ve chung nha&amp;#34; voi misthy, pewpew - 2\" width=\"500\" height=\"333\" data-original=\"https://cdn.eva.vn/upload/2-2019/images/2019-06-11/cong-dong-mang-phat-sot-khi-streamer-linh-ngoc-dam-chinh-thuc-ve-cung-nha-voi-misthy-pewpew-1--3--1560216373-562-width660height440.jpg\" data-was-processed=\"true\" /></p>\r\n<p>Tuy nhiên, điều khiến dân mạng quan tâm hơn cả chính là sự có mặt bất ngờ của hot streamer Linh Ngọc Đàm.</p>\r\n<p align=\"center\"><img class=\"news-image initial loaded\" src=\"https://cdn.eva.vn/upload/2-2019/images/2019-06-11/cong-dong-mang-phat-sot-khi-streamer-linh-ngoc-dam-chinh-thuc-ve-cung-nha-voi-misthy-pewpew-1--7--1560216373-18-width660height440.jpg\" alt=\"hot streamer linh ngoc dam chinh thuc &amp;#34;ve chung nha&amp;#34; voi misthy, pewpew - 3\" width=\"500\" height=\"333\" data-original=\"https://cdn.eva.vn/upload/2-2019/images/2019-06-11/cong-dong-mang-phat-sot-khi-streamer-linh-ngoc-dam-chinh-thuc-ve-cung-nha-voi-misthy-pewpew-1--7--1560216373-18-width660height440.jpg\" data-was-processed=\"true\" /></p>\r\n<p>Được biết, Linh Ngọc Đàm hiện đã chính thức “về chung nhà” với các hot streamer hàng đầu Việt Nam như PewPew, MisThy, Banana, Woossi, Fanny Trần.</p>\r\n<p>Thông tin này khiến dân mạng khá háo hức, bởi nó đồng nghĩa với việc sắp tới sẽ có thêm nhiều sự kết hợp đặc biệt giữa Linh Ngọc Đàm và các hot streamer khác. Chẳng những thế, Linh Ngọc Đàm còn là cô bạn ăn ý với MisThy trong nhiều video. Việc đôi bạn thân hot streamer nữ này về cùng công ty quản lý khiến người hâm mộ không thôi hào hứng và đặt nhiều mong đợi.</p>\r\n<p>Vừa đăng tải không lâu, bức ảnh ngay lập tức được chuyền tay nhau, nhanh chóng đạt hơn 30.000 lượt Like, hàng nghìn lượt Bình luận và Chia sẻ trên trang cá nhân cũng như fanpage của Linh Ngọc Đàm chỉ sau 1 ngày.</p>\r\n<p align=\"center\"><img class=\"news-image initial loaded\" src=\"https://cdn.eva.vn/upload/2-2019/images/2019-06-11/cong-dong-mang-phat-sot-khi-streamer-linh-ngoc-dam-chinh-thuc-ve-cung-nha-voi-misthy-pewpew-1--6--1560216373-752-width660height440.jpg\" alt=\"hot streamer linh ngoc dam chinh thuc &amp;#34;ve chung nha&amp;#34; voi misthy, pewpew - 4\" width=\"500\" height=\"333\" data-original=\"https://cdn.eva.vn/upload/2-2019/images/2019-06-11/cong-dong-mang-phat-sot-khi-streamer-linh-ngoc-dam-chinh-thuc-ve-cung-nha-voi-misthy-pewpew-1--6--1560216373-752-width660height440.jpg\" data-was-processed=\"true\" /></p>\r\n<p>Bức ảnh “gây sốt” khiến dân mạng không khỏi trầm trồ, hào hứng.</p>\r\n<p>Một khán giả phấn khích chia sẻ: “<em>Wow! MisThy với Linh Ngọc Đàm về chung nhà, vậy là sắp có thêm nhiều clip hay để xem rồi</em>”. Một bình luận khác tấm tắc: “<em>Ồ! Đại gia đình này đang ngày càng lớn mạnh hơn!</em>”. Hiện bức ảnh vẫn đang nhận được đông đảo sự quan tâm của cộng đồng mạng.</p>\r\n<p align=\"center\"><img class=\"news-image loaded\" src=\"https://cdn.eva.vn/upload/2-2019/images/2019-06-11/cong-dong-mang-phat-sot-khi-streamer-linh-ngoc-dam-chinh-thuc-ve-cung-nha-voi-misthy-pewpew-1--8--1560216373-358-width660height440.jpg\" alt=\"hot streamer linh ngoc dam chinh thuc &amp;#34;ve chung nha&amp;#34; voi misthy, pewpew - 5\" data-original=\"https://cdn.eva.vn/upload/2-2019/images/2019-06-11/cong-dong-mang-phat-sot-khi-streamer-linh-ngoc-dam-chinh-thuc-ve-cung-nha-voi-misthy-pewpew-1--8--1560216373-358-width660height440.jpg\" data-was-processed=\"true\" /></p>\r\n<p>Linh Ngọc Đàm là một trong những nữ streamer hàng đầu trên \"mặt trận\" mạng xã hội hiện nay.</p>\r\n<p align=\"center\"><img class=\"news-image loaded\" src=\"https://cdn.eva.vn/upload/2-2019/images/2019-06-11/cong-dong-mang-phat-sot-khi-streamer-linh-ngoc-dam-chinh-thuc-ve-cung-nha-voi-misthy-pewpew-1--9--1560216373-483-width660height440.jpg\" alt=\"hot streamer linh ngoc dam chinh thuc &amp;#34;ve chung nha&amp;#34; voi misthy, pewpew - 6\" data-original=\"https://cdn.eva.vn/upload/2-2019/images/2019-06-11/cong-dong-mang-phat-sot-khi-streamer-linh-ngoc-dam-chinh-thuc-ve-cung-nha-voi-misthy-pewpew-1--9--1560216373-483-width660height440.jpg\" data-was-processed=\"true\" /></p>\r\n<p>Nếu MisThy nổi bật nhờ ngoại hình cá tính, thì Linh Ngọc Đàm lại thu hút bởi vẻ ngoài đáng yêu cùng phong cách thời trang sành điệu, \"chuẩn hot girl\".</p>\r\n<p>Chẳng những duyên dáng, sở hữu kênh YouTube với hơn 1 triệu người theo dõi và gần 1 triệu lượt Thích trên fanpage, Linh Ngọc Đàm còn từng gây ấn tượng khi đảm nhận vai chính trong nhiều dự án phim truyền hình, web drama như: <em>Người ở bên khi tôi 16, Ảo tưởng tuổi 17</em>, v.v...</p>\r\n<p align=\"center\"><img class=\"news-image loaded\" src=\"https://cdn.eva.vn/upload/2-2019/images/2019-06-11/cong-dong-mang-phat-sot-khi-streamer-linh-ngoc-dam-chinh-thuc-ve-cung-nha-voi-misthy-pewpew-1--12--1560216373-402-width660height990.jpg\" alt=\"hot streamer linh ngoc dam chinh thuc &amp;#34;ve chung nha&amp;#34; voi misthy, pewpew - 7\" data-original=\"https://cdn.eva.vn/upload/2-2019/images/2019-06-11/cong-dong-mang-phat-sot-khi-streamer-linh-ngoc-dam-chinh-thuc-ve-cung-nha-voi-misthy-pewpew-1--12--1560216373-402-width660height990.jpg\" data-was-processed=\"true\" /></p>\r\n<p>Trong tương lai, Linh Ngọc Đàm hứa hẹn có thêm nhiều sự bứt phá, tạo ra nhiều sản phẩm ấn tượng hơn nữa dành tặng người hâm mộ.</p>',29,0,27,1,'',0,'2019-06-19','/uploads/1560937087540ngocdam.jpg',32),(15,5,'Hoa hậu Hương Giang “xua đuổi” không tiếc chàng hot streamer nổi tiếng với màn tỏ tình lãng mạn','2019-06-20 00:00:00','Cũng tại Giọng ải giọng ai, một nam ca sĩ khác dường như đã \"cảm nắng\" Hương Giang là liên tục bị Trấn Thành trêu.','<div class=\"nsSap sap clrF\">\r\n<h2><span class=\"clrTit bld\">Cũng tại Giọng ải giọng ai, một nam ca sĩ khác dường như đã \"cảm nắng\" Hương Giang là liên tục bị Trấn Thành trêu.</span></h2>\r\n</div>\r\n<div id=\"baiviet-container\" class=\"nwsCt\">\r\n<div align=\"center\">\r\n<div class=\"viewVideoPlay\">\r\n<div id=\"zplayer_061661_container\" class=\"v-24h-media-player\">\r\n<div id=\"v-24hContainer_zplayer_061661\">\r\n<div id=\"zplayer_061661\" class=\"video-js vjs-default-skin zplayer_061661-dimensions vjs-controls-enabled vjs-workinghover vjs-v5 vjs-controlbar-always-show vjs-viewportautoplay vjs-minable vjs-has-started vjs-contextmenu-ui vjs-userpaused vjs-playing mini-player vjs-user-inactive\" tabindex=\"-1\" role=\"region\" aria-label=\"video player\"><video id=\"zplayer_061661_html5_api\" class=\"vjs-tech\" tabindex=\"-1\" poster=\"https://cdn.eva.vn/upload/3-2018/images/2018-09-14/1536891284-pewpew.jpg\" preload=\"metadata\" autoplay=\"autoplay\" width=\"300\" height=\"150\" data-mce-fragment=\"1\"></video>\r\n<div class=\"vjs-overlay vjs-overlay-top-right overlaybutton overideoverlaybtn overLayCloseBtn_zplayer_061661 vjs-overlay-background\">\r\n<div id=\"overLayCloseBtn_zplayer_061661\"> </div>\r\n</div>\r\n</div>\r\n</div>\r\n</div>\r\n</div>\r\n</div>\r\n<p style=\"text-align: center;\"><em><span style=\"color: #2880b9;\">XEM VIDEO: Hương Giang \"xua đuổi\" Pew Pew và còn đáp trả <a class=\"TextlinkBaiviet\" style=\"color: #2880b9;\" href=\"https://eva.vn/tran-thanh-p225c20.html\">Trấn Thành</a> \"cực gắt\" khi bị trêu chọc.</span></em></p>\r\n<p><em>Giọng Ải Giọng Ai</em> tập 8 có sự tham gia của các khách mời: Hoa hậu Hương Giang, ca sĩ Kay Trần cùng 2 hot streamer nổi tiếng trên cộng đồng mạng - MisThy, PewPew khiến khán giả thích thú và mang đến nhiều bất ngờ.</p>\r\n<p align=\"center\"><img class=\"news-image initial loaded\" src=\"https://cdn.eva.vn/upload/3-2018/images/2018-09-14/huong-giang-xua-duoi-khong-thuong-tiec-hot-streamer-noi-tieng-voi-man-to-tinh-lang-man---pewpew-misthy---dai-nghia---pewpew-1536889199-638-width660height440.jpg\" alt=\"hoa hau huong giang “xua duoi” khong tiec chang hot streamer noi tieng voi man to tinh lang man - 1\" width=\"500\" height=\"333\" data-original=\"https://cdn.eva.vn/upload/3-2018/images/2018-09-14/huong-giang-xua-duoi-khong-thuong-tiec-hot-streamer-noi-tieng-voi-man-to-tinh-lang-man---pewpew-misthy---dai-nghia---pewpew-1536889199-638-width660height440.jpg\" data-was-processed=\"true\" /></p>\r\n<p align=\"center\">Pew Pew là chàng trai gây chú ý gần đây khi có màn tỏ tình lãng mạn với hot girl Trâm Anh trong một show hẹn hò.</p>\r\n<p>Lần đầu tiên đến với chương trình nhưng MisThy và PewPew tỏ ra không hề thua kém hai \"chủ nhà\" là Trường Giang, Trấn Thành hay hai ca sĩ khách mời mà liên tục khuấy động không khí bằng những câu bình luận vô cùng duyên dáng và hài hước.</p>\r\n<p>Pew Pew vô cùng \"tăng động\", dí dỏm. Còn MisThy đã khiến khán giả cười nghiêng ngả trong phần đoán giọng hát của một cô gái khi một mực khẳng định thí sinh có giọng hát \"thảm họa\" và cá cược \"cực khôn\": \"<em>Nếu chị này hát hay em sẽ... giảm cân trong vòng 1 tháng\". </em></p>\r\n<p align=\"center\"><img class=\"news-image loaded\" src=\"https://cdn.eva.vn/upload/3-2018/images/2018-09-14/huong-giang-xua-duoi-khong-thuong-tiec-hot-streamer-noi-tieng-voi-man-to-tinh-lang-man---pewpew-kay-tran---dai-nghia---huong-giang-1536889199-97-width660height990.jpg\" alt=\"hoa hau huong giang “xua duoi” khong tiec chang hot streamer noi tieng voi man to tinh lang man - 2\" data-original=\"https://cdn.eva.vn/upload/3-2018/images/2018-09-14/huong-giang-xua-duoi-khong-thuong-tiec-hot-streamer-noi-tieng-voi-man-to-tinh-lang-man---pewpew-kay-tran---dai-nghia---huong-giang-1536889199-97-width660height990.jpg\" data-was-processed=\"true\" /></p>\r\n<p>Nếu MisThy, PewPew \"tăng động\", Kay Trần khá hiền thì Hương Giang lại khiến Trấn Thành - Trường Giang liên tục \"nổi da gà\" với phong thái dịu dàng, chậm rãi \"chuẩn hoa hậu\".</p>\r\n<p>Tuy nhiên, dù chủ trương giữ hình tượng, Hương Giang vẫn không thiếu những giây phút đanh đá, thậm chí lầy lội, \"chặt chém\" đồng đội khiến khán giả thích thú.</p>\r\n<p>Chẳng hạn, khi được Trấn Thành \"thảo mai\" khen mình càng ngày càng đẹp,<a href=\"https://eva.vn/lang-sao/hoa-hau-huong-giang-cai-nhau-voi-tran-thanh-giua-cho-nguoi-dan-hieu-ky-dung-xem-c20a358236.html\"> Hương Giang đã đáp \"sắc lẻm\"</a>: <em>\"Hỏi em vì sao lại đẹp, thế thì không khác gì hỏi vì sao Trấn Thành và Trường Giang lại diễn hài hay? Hoa hậu mà hỏi vì sao đẹp thì cũng thật là không hợp lý lắm\"</em>, \"<em>Chuyện em đẹp nó hiển nhiên, giống như chuyện tại sao anh Nghĩa lại đeo kính màu đỏ vậy đó</em>\" khiến Trấn Thành đành \"chào thua\".</p>\r\n<div id=\"ADS_159_15s\" class=\"txtCent\">\r\n<div class=\"collapse_div_slot_dfp\"> </div>\r\n</div>\r\n<p align=\"center\"><img class=\"news-image loaded\" src=\"https://cdn.eva.vn/upload/3-2018/images/2018-09-14/huong-giang-xua-duoi-khong-thuong-tiec-hot-streamer-noi-tieng-voi-man-to-tinh-lang-man---pewpew-huong-giang_1-1536889199-901-width660height990.jpg\" alt=\"hoa hau huong giang “xua duoi” khong tiec chang hot streamer noi tieng voi man to tinh lang man - 3\" data-original=\"https://cdn.eva.vn/upload/3-2018/images/2018-09-14/huong-giang-xua-duoi-khong-thuong-tiec-hot-streamer-noi-tieng-voi-man-to-tinh-lang-man---pewpew-huong-giang_1-1536889199-901-width660height990.jpg\" data-was-processed=\"true\" /></p>\r\n<p>Hoa hậu Hương Giang đối đáp hóm hỉnh khiến Trấn Thành phải \'\' chào thua \'\'.</p>\r\n<p>Hay trong quá trình bình luận, PewPew và Trấn Thành liên tục có những ý kiến giống nhau và mong muốn về chung một đội.</p>\r\n<p align=\"center\"><img class=\"news-image loaded\" src=\"https://cdn.eva.vn/upload/3-2018/images/2018-09-14/huong-giang-xua-duoi-khong-thuong-tiec-hot-streamer-noi-tieng-voi-man-to-tinh-lang-man---pewpew-huong-giang_2-1536889199-313-width660height990.jpg\" alt=\"hoa hau huong giang “xua duoi” khong tiec chang hot streamer noi tieng voi man to tinh lang man - 4\" data-original=\"https://cdn.eva.vn/upload/3-2018/images/2018-09-14/huong-giang-xua-duoi-khong-thuong-tiec-hot-streamer-noi-tieng-voi-man-to-tinh-lang-man---pewpew-huong-giang_2-1536889199-313-width660height990.jpg\" data-was-processed=\"true\" /></p>\r\n<p>Là người cùng một \"nhà\" với PewPew, Hương Giang lầy lội lên tiếng: “Nói chung là, em không sợ sa thải Phiêu Diêu, em chỉ cần một lý do thôi!”</p>\r\n<p align=\"center\"><img class=\"news-image loaded\" src=\"https://cdn.eva.vn/upload/3-2018/images/2018-09-14/huong-giang-xua-duoi-khong-thuong-tiec-hot-streamer-noi-tieng-voi-man-to-tinh-lang-man---pewpew-doi-tran-thanh-_1-1536889199-209-width660height440.jpg\" alt=\"hoa hau huong giang “xua duoi” khong tiec chang hot streamer noi tieng voi man to tinh lang man - 5\" data-original=\"https://cdn.eva.vn/upload/3-2018/images/2018-09-14/huong-giang-xua-duoi-khong-thuong-tiec-hot-streamer-noi-tieng-voi-man-to-tinh-lang-man---pewpew-doi-tran-thanh-_1-1536889199-209-width660height440.jpg\" data-was-processed=\"true\" /></p>\r\n<p>Hương Giang tranh thủ \"thả thính\" Kay Trần bằng cách mời gọi: \"Anh Kay Trần qua đây\". Đáp lại, Kay Trần dường như cũng có sự yêu mến đặc biệt dành cho nàng Hoa hậu và bị Trấn Thành liên tục trêu chọc.</p>\r\n<p>Trước sự gán ghép của Trần Thành, Hương Giang một lần nữa khiến mọi người \"cười lăn cười bò\" khi phát biểu với phong thái \"đang thi ứng xử hoa hậu\": \"<em>Thật sự không phải là tất cả nhưng phần lớn màu da nào, sắc tộc nào, giới tính nào thì cũng sẽ yêu thích hoa hậu thôi\".</em></p>\r\n<p>Chương trình phát sóng vào lúc 19h30, Thứ Bảy, ngày 15/09/2018 trên HTV7.</p>\r\n</div>',29,0,14,1,'',0,'2019-06-19','/uploads/1560937277134pew.jpg',32),(16,6,'Đi làm công sở nhưng vẫn muốn diện quần ngắn, bí kíp nào cho nàng tinh tế?','2019-06-19 00:00:00','Chọn quần ngắn thế nào để vừa phù hợp với môi trường công sở, vừa giúp nàng thoải mái trong những ngày hè?','<p>Trước đây ngoài quần dài, đầm váy thì quần short chưa bao giờ là sự lựa chọn của cánh chị em văn phòng. Thế nhưng ngày nay đã khác, bạn sẽ không khó để bắt gặp những chiếc quần short trẻ trung, năng động xuất hiện nơi công sở. Và tất nhiên là chúng sẽ không hề gây ra cảm giác phản cảm hay thiếu thanh lịch mà lại mang đến sự thoải mái, dễ chịu nhưng vẫn tinh tế vô cùng. Nếu bạn muốn diện quần short đến công sở, hãy áp dụng những tips sau đây nhé!</p>\r\n<p><strong>Không chọn quá ngắn</strong></p>\r\n<p>Không giống như váy, quần short nếu bạn chọn loại quá ngắn sẽ đem đến cảm giác phản cảm, không hợp mắt người nhìn. Thay vào đó hãy ưu tiên những chiếc quần có độ dài khoảng 1/2 đến 2/3 bắp đùi để không bị đánh giá là phản cảm. </p>\r\n<p><img class=\"initial loading\" src=\"https://cdn.eva.vn/upload/2-2019/images/2019-06-17/di-lam-cong-so-nhung-van-muon-dien-quan-ngan-bi-kip-nao-cho-nang-tinh-te-2-1560758250-251-width640height766.jpg\" alt=\"\" data-was-processed=\"true\" /></p>\r\n<p>Nên chọn những chiếc quần không quá ngắn để tránh bị đánh giá là hớ hênh, phản cảm. </p>\r\n<p><img class=\"loading\" src=\"https://cdn.eva.vn/upload/2-2019/images/2019-06-17/di-lam-cong-so-nhung-van-muon-dien-quan-ngan-bi-kip-nao-cho-nang-tinh-te-9-1560758347-322-width640height803.jpg\" alt=\"\" data-was-processed=\"true\" /></p>\r\n<p>Bạn nên chọn quần ống rộng, lưng cao để vừa thoải mái lại đảm bảo lịch sự. </p>\r\n<p><img class=\"loading\" src=\"https://cdn.eva.vn/upload/2-2019/images/2019-06-17/di-lam-cong-so-nhung-van-muon-dien-quan-ngan-bi-kip-nao-cho-nang-tinh-te-1-1560758422-848-width640height638.jpg\" alt=\"\" data-was-processed=\"true\" /></p>\r\n<p>Các cô nàng có gout <a class=\"TextlinkBaiviet\" href=\"https://eva.vn/thoi-trang-c36.html\">thời trang</a> nữ tính thường thích diện quần ngắn có gam màu trung tính như trắng, be, kết hợp cùng áo có màu sắc nổi bật hơn.</p>\r\n<p>Đi làm văn phòng, lời khuyên cho bạn tốt nhất nên chọn quần short kaki ống đứng, cạp cao sẽ giúp tạo ra cảm giác tinh tế, thanh lịch và phù hợp hơn với môi trường công sở. Có thể bạn là người thích sự cá tính nhưng quần short chất liệu denim bụi bặm hoặc quần rách không bao giờ là sự lựa chọn phù hợp, khiến bạn sẽ trở thành tâm điểm của sự chú ý.</p>\r\n<div id=\"ADS_159_15s\" class=\"txtCent\"> </div>\r\n<p><img class=\"loading\" src=\"https://cdn.eva.vn/upload/2-2019/images/2019-06-17/di-lam-cong-so-nhung-van-muon-dien-quan-ngan-bi-kip-nao-cho-nang-tinh-te-13-1560758674-468-width640height800.jpg\" alt=\"\" data-was-processed=\"true\" /></p>\r\n<p>Quần short kaki ống đứng, cạp cao sẽ giúp tạo ra cảm giác thanh lịch.</p>\r\n<p><img class=\"loading\" src=\"https://cdn.eva.vn/upload/2-2019/images/2019-06-17/di-lam-cong-so-nhung-van-muon-dien-quan-ngan-bi-kip-nao-cho-nang-tinh-te-8-1560758725-558-width640height432.jpg\" alt=\"\" data-was-processed=\"true\" /></p>\r\n<p>Tuyệt đối hãy nói không với những kiểu quần rách vì bạn sẽ dễ bị chỉ trích.</p>\r\n<p><strong>Phối quần short cùng áo sơ mi</strong></p>\r\n<p>Nếu muốn có vẻ ngoài thanh lịch khi diện quần ngắn, tốt hơn hết là bạn nên phối chúng với áo sơ mi. Bởi nhắc đến những chiếc áo dành riêng cho công sở thì không có sự lựa chọn nào tốt hơn sơ mi, blouse. Quần short khi được phối cùng sơ mi sẽ ra dáng công sở hơn, ngoài ra còn giúp bạn có được bộ cánh thoáng mát cho cả ngày hè năng động.</p>\r\n<p><img class=\"loading\" src=\"https://cdn.eva.vn/upload/2-2019/images/2019-06-17/di-lam-cong-so-nhung-van-muon-dien-quan-ngan-bi-kip-nao-cho-nang-tinh-te-4-1560759223-561-width640height799.jpg\" alt=\"\" data-was-processed=\"true\" /></p>\r\n<p>Quần short được phối cùng sơ mi sẽ giúp bạn có được items thanh lịch khi đến công sở.</p>\r\n<p><img class=\"loading\" src=\"https://cdn.eva.vn/upload/2-2019/images/2019-06-17/di-lam-cong-so-nhung-van-muon-dien-quan-ngan-bi-kip-nao-cho-nang-tinh-te-12-1560759264-825-width640height640.jpg\" alt=\"\" data-was-processed=\"true\" /></p>\r\n<p>Bạn đừng nên phối short với áo thun vì items này mang hơi hướng street style. Thay vào đó là những chiếc áo sơ mi đơn sắc như thế này.</p>\r\n<p><img class=\"loading\" src=\"https://cdn.eva.vn/upload/2-2019/images/2019-06-17/di-lam-cong-so-nhung-van-muon-dien-quan-ngan-bi-kip-nao-cho-nang-tinh-te-photo-8-15601835694321224325679-1560759444-136-width640height800.jpg\" alt=\"\" data-was-processed=\"true\" /></p>\r\n<p>Áo sơ mi phom rộng và quần kaki ngắn, sự kết hợp không tồi chứ nhỉ!</p>\r\n<p><img class=\"loading\" src=\"https://cdn.eva.vn/upload/2-2019/images/2019-06-17/di-lam-cong-so-nhung-van-muon-dien-quan-ngan-bi-kip-nao-cho-nang-tinh-te-10-1560759358-945-width640height960.jpg\" alt=\"\" data-was-processed=\"true\" /></p>\r\n<p> Sự chỉn chu thanh lịch của áo sơ mi, sự năng động của quần short sẽ đem đến cho bạn một phong cách hoàn toàn mới và ngoại hình vô cùng nổi bật.</p>\r\n<p><strong>Luôn luôn sơ-vin</strong></p>\r\n<p>Mặc quần short muốn được chỉn chu và \"ăn gian\" chiều cao thì đừng quên sơ vin. Khi bỏ áo vào quần gọn gàng, bạn sẽ thấy chiều cao của mình được tăng thêm chút nữa, vóc dáng sẽ thon gọn hơn. Ngoài ra, sơ vin là công thức bắt buộc phải thực hiện nếu muốn diện áo sơ mi và quần short.</p>\r\n<p><img class=\"loading\" src=\"https://cdn.eva.vn/upload/2-2019/images/2019-06-17/di-lam-cong-so-nhung-van-muon-dien-quan-ngan-bi-kip-nao-cho-nang-tinh-te-11-1560759651-141-width640height640.jpg\" alt=\"\" data-was-processed=\"true\" /></p>\r\n<p>Khi mặc quần short thì đừng quên sơ vin, vì đây sẽ là bí kíp giúp bạn \"hack\" dáng một cách hoàn hảo.</p>\r\n<p><img class=\"loading\" src=\"https://cdn.eva.vn/upload/2-2019/images/2019-06-17/di-lam-cong-so-nhung-van-muon-dien-quan-ngan-bi-kip-nao-cho-nang-tinh-te-21-1560759700-631-width640height935.jpg\" alt=\"\" data-was-processed=\"true\" /></p>\r\n<p>Chọn quần cạp cao và sơ vin, bạn sẽ thấy vóc dáng của mình thon thả hơn nhiều và set đồ cũng trở nên lịch sự hơn khi đến công sở.</p>\r\n<p><img class=\"loading\" src=\"https://cdn.eva.vn/upload/2-2019/images/2019-06-17/di-lam-cong-so-nhung-van-muon-dien-quan-ngan-bi-kip-nao-cho-nang-tinh-te-6-1560759747-701-width640height759.jpg\" alt=\"\" data-was-processed=\"true\" /></p>\r\n<p>Bạn có thể sơ vin vạt trước, vạt sau thả tự nhiên mỗi khi sau giờ làm.</p>\r\n<p><img class=\"loading\" src=\"https://cdn.eva.vn/upload/2-2019/images/2019-06-17/di-lam-cong-so-nhung-van-muon-dien-quan-ngan-bi-kip-nao-cho-nang-tinh-te-photo-12-15601835694361345910857-1560759926-583-width640height800.jpg\" alt=\"\" data-was-processed=\"true\" /><br /><img class=\"loading\" src=\"https://cdn.eva.vn/upload/2-2019/images/2019-06-17/di-lam-cong-so-nhung-van-muon-dien-quan-ngan-bi-kip-nao-cho-nang-tinh-te-19-1560760378-690-width640height800.jpg\" alt=\"\" data-was-processed=\"true\" /></p>\r\n<p>Cứ diện đẹp quần short và sơ mi thế này, cả tuần làm việc không biết chán các nàng nhỉ?</p>',29,0,19,1,'',0,'2019-06-19','/uploads/1560937385180tt.jpg',32),(17,6,'Thì ra Ngọc Trinh rất thích gam màu \"cẩm hường\" này, mạnh tay chi bạc tỷ để mua nguyên set','2019-06-19 00:00:00','Cả showbiz chắc hiếm ai có sở thích lạ như Ngọc Trinh, luôn tự nhận mình là người có tính \"đàn ông\" nhưng lại ưa chuộng gam màu \"cẩm hường\", lại thích diện lần nguyên set mới chịu.','<p><a class=\"TextlinkBaiviet\" href=\"https://eva.vn/nguoi-mau-ngoc-trinh-p2440c36.html\">Ngọc Trinh</a> không chỉ khiến người hâm mộ trầm trồ trước khối hàng hiệu khủng mà còn bởi sở thích chuộng màu hồng vô cùng nữ tính. Nữ hoàng nội y không tiếc tay chi số tiền lớn chỉ để mua những món phụ kiện có tông màu kẹo ngọt cho vào bộ siêu tập của mình. Như mới đây, người đẹp chia sẻ những items mới nhất gồm có ba chiếc <a class=\"TextlinkBaiviet\" href=\"https://eva.vn/tui-xach-p1389c36.html\">túi xách</a>, chiếc đồng hồ cùng tông màu hồng đậm. Chỉ tính riêng giá trị của chiếc đồng hồ đã lên tiếng gần 1 tỷ đồng đã cho thấy mức độ chịu chi của cô nàng cho sở thích là điều không hề nhỏ.</p>\r\n<p><img class=\"initial loading\" style=\"display: block; margin-left: auto; margin-right: auto;\" src=\"https://cdn.eva.vn/upload/2-2019/images/2019-06-18/thi-ra-ngoc-trinh-rat-thich-gam-mau-2-1560831213-14-width640height640.jpg\" alt=\"\" data-was-processed=\"true\" /></p>\r\n<p>Ngọc Trinh khoe items gồm 3 chiếc túi xách và đồng hồ cùng tone màu hồng đậm. Trong đó, chiếc túi hồng chất liệu da lộn của Dior với kiểu dáng yên ngựa, chữ D đính đá lấp lánh đang là hot trend của thương hiệu thời trang đình đám này.</p>\r\n<p> <img class=\"loading\" style=\"display: block; margin-left: auto; margin-right: auto;\" src=\"https://cdn.eva.vn/upload/2-2019/images/2019-06-18/thi-ra-ngoc-trinh-rat-thich-gam-mau-19-1560831375-245-width640height355.png\" alt=\"\" data-was-processed=\"true\" /></p>\r\n<p>Chiếc túi form vuông độc đáo của thương hiệu Chanel là món phụ kiện đang trend hiện nay. </p>\r\n<p><img class=\"loading\" style=\"display: block; margin-left: auto; margin-right: auto;\" src=\"https://cdn.eva.vn/upload/2-2019/images/2019-06-18/thi-ra-ngoc-trinh-rat-thich-gam-mau-13-1560831755-844-width640height640.jpg\" alt=\"\" data-was-processed=\"true\" /></p>\r\n<p>Đồng hồ Franckmuller có giá trị gần cả tỷ đồng cũng nằm trong bộ siêu tập của Ngọc Trinh.</p>\r\n<p>Với sở thích chuộng màu hồng, Ngọc Trinh không bao giờ tiếc tiền để sắm những món đồ hiệu mang gam màu này. Trong một chương trình, Nữ hoàng nội y còn gây bất ngờ khi tiết lộ bộ sưu tập toàn những món phụ kiện màu hồng ước tính tổng giá trị của gia tài này xấp xỉ 7 tỷ đồng.</p>\r\n<p><img class=\"loading\" style=\"display: block; margin-left: auto; margin-right: auto;\" src=\"https://cdn.eva.vn/upload/2-2019/images/2019-06-18/thi-ra-ngoc-trinh-rat-thich-gam-mau-optimized-ivtm-1560832115-308-width640height316.png\" alt=\"\" data-was-processed=\"true\" /></p>\r\n<p>Ngọc Trinh với gia tài toàn những món đồ hiệu mang gam màu hồng ngọt ngào. Ước tính tổng giá trị của bộ siêu tập này lên đến gần 7 tỷ đồng.</p>\r\n<div id=\"ADS_159_15s\" class=\"txtCent\"> </div>\r\n<p><img class=\"loading\" style=\"display: block; margin-left: auto; margin-right: auto;\" src=\"https://cdn.eva.vn/upload/2-2019/images/2019-06-18/thi-ra-ngoc-trinh-rat-thich-gam-mau-1-1560832177-308-width640height640.jpg\" alt=\"\" data-was-processed=\"true\" /></p>\r\n<p>Cô nàng rất yêu thích những chiếc váy ôm body và tất nhiên là chúng phải mang màu hồng.</p>\r\n<p><img class=\"loading\" style=\"display: block; margin-left: auto; margin-right: auto;\" src=\"https://cdn.eva.vn/upload/2-2019/images/2019-06-18/thi-ra-ngoc-trinh-rat-thich-gam-mau-8-1560832218-884-width640height640.jpg\" alt=\"\" data-was-processed=\"true\" /></p>\r\n<p>Nữ hoàng nội y có thói quen sắm đồ theo bộ để khi mặc sẽ tông xuyệt tông: \"Trinh sắm cả set đồ màu hồng như thế này để khi ra ngoài sân bay trông mới chất\".</p>\r\n<p><img class=\"loading\" style=\"display: block; margin-left: auto; margin-right: auto;\" src=\"https://cdn.eva.vn/upload/2-2019/images/2019-06-18/thi-ra-ngoc-trinh-rat-thich-gam-mau-9-1560832344-73-width640height639.jpg\" alt=\"\" data-was-processed=\"true\" /></p>\r\n<p>Áo hồng, túi xách hồng và đồng hồ cũng mang tone màu hồng. Trong ảnh là chiếc đồng hồ thuộc thiết kế Hublot có giá 1,5 tỷ đồng.</p>\r\n<p><img class=\"loading\" style=\"display: block; margin-left: auto; margin-right: auto;\" src=\"https://cdn.eva.vn/upload/2-2019/images/2019-06-18/thi-ra-ngoc-trinh-rat-thich-gam-mau-10-1560832427-596-width640height841.jpg\" alt=\"\" data-was-processed=\"true\" /></p>\r\n<p>Cả set đồ mang tone màu ngọt ngào từ kẹp tóc cho đến giày cao gót giúp cô nàng \"ăn gian\" tuổi cực hiệu quả.</p>\r\n<p><img class=\"loading\" style=\"display: block; margin-left: auto; margin-right: auto;\" src=\"https://cdn.eva.vn/upload/2-2019/images/2019-06-18/thi-ra-ngoc-trinh-rat-thich-gam-mau-ngoc-trinh-khoe-nui-do-hieu-tien-ty-mua-trong-mot--1560832588-145-width640height900.jpg\" alt=\"\" data-was-processed=\"true\" /></p>\r\n<p>Chiếc túi Dior màu hồng phấn trị giá khoảng 100 triệu đồng.</p>\r\n<p><img class=\"loading\" style=\"display: block; margin-left: auto; margin-right: auto;\" src=\"https://cdn.eva.vn/upload/2-2019/images/2019-06-18/thi-ra-ngoc-trinh-rat-thich-gam-mau-4-1560832603-758-width640height943.jpg\" alt=\"\" data-was-processed=\"true\" /></p>\r\n<p>Người đẹp cũng sở hữu một chiếc Birkin khác da lì, gam hồng pastel ngọt ngào và được sử dụng rất thường xuyên khi ra phố. Giá của món đồ này khoảng 370 triệu đồng.</p>\r\n<p><img class=\"loading\" style=\"display: block; margin-left: auto; margin-right: auto;\" src=\"https://cdn.eva.vn/upload/2-2019/images/2019-06-18/thi-ra-ngoc-trinh-rat-thich-gam-mau-ngoc-trinh-ra-san-bay-di-nhat-luc-nua-dem-47174b-1560832661-134-width640height961.jpg\" alt=\"\" data-was-processed=\"true\" /></p>\r\n<p>Ngọc Trinh có phần lớn bộ siêu tập là những chiếc túi xách Hermes. Trong ảnh là chiếc Birkin da cá sấu màu hồng đậm có giá gần 1,6 tỷ đồng.</p>\r\n<p><img class=\"loading\" style=\"display: block; margin-left: auto; margin-right: auto;\" src=\"https://cdn.eva.vn/upload/2-2019/images/2019-06-18/thi-ra-ngoc-trinh-rat-thich-gam-mau-5-1560832761-297-width640height745.jpg\" alt=\"\" data-was-processed=\"true\" /></p>\r\n<p>Với sở thích chuộng màu hồng, Ngọc Trinh sẵn sàng chi tiền gấp đôi giá trị thực để sở hữu bằng được món đồ ưa thích. Trong ảnh, người đẹp diện váy hồng cùng túi Kelly mini giá khoảng 300 triệu đồng.</p>\r\n<p><img class=\"loading\" style=\"display: block; margin-left: auto; margin-right: auto;\" src=\"https://cdn.eva.vn/upload/2-2019/images/2019-06-18/thi-ra-ngoc-trinh-rat-thich-gam-mau-6-1560832905-224-width640height794.jpg\" alt=\"\" data-was-processed=\"true\" /></p>\r\n<p>Ví Hermes có mức giá đắt đỏ không kém, khoảng từ 161 - 184 triệu đồng.</p>',29,1,950,1,'',0,'2019-06-19','/uploads/1560937503231ngoctrinh.png',32),(18,6,'Vài dòng về ưu nhược giữa các hiệu đồng hồ nữ Nhật Bản','2019-06-20 00:00:00','Hiện nay, Casio, Orient, Citizen, Seiko được xem là các hiệu đồng hồ nữ Nhật Bản nổi tiếng hàng đầu thị trường. Nhìn chung, họ đều bền và giá không quá đắt đỏ, tuy nhiên, nếu bạn đang phân vân không biết chọn ai','<p><strong>Các hiệu đồng hồ đeo tay nữ của Nhật Bản: không nhiều nhưng đáng tin</strong></p>\r\n<p>Nếu nói đến các hiệu đồng hồ nữ của Nhật Bản, Casio, Orient, Citizen, Seiko chiếm phần lớn thị phần, ngoài ra còn có Rhythm, Q&amp;Q, Alba. Trong bài hôm nay, chúng ta sẽ chủ yếu nói về 4 “ông lớn” đang độ phủ sóng rộng Việt Nam.</p>\r\n<p align=\"center\"><img class=\"news-image initial loaded\" src=\"https://cdn.eva.vn/upload/2-2019/images/2019-06-05/vai-dong-ve-uu-nhuoc-giua-cac-hieu-dong-ho-nu-nhat-ban-dong-ho--1--1559724470-913-width660height309.jpg\" alt=\"vai dong ve uu nhuoc giua cac hieu dong ho nu nhat ban - 1\" width=\"500\" height=\"234\" data-original=\"https://cdn.eva.vn/upload/2-2019/images/2019-06-05/vai-dong-ve-uu-nhuoc-giua-cac-hieu-dong-ho-nu-nhat-ban-dong-ho--1--1559724470-913-width660height309.jpg\" data-was-processed=\"true\" /></p>\r\n<p>Các hiệu đồng hồ nữ Nhật Bản, Casio, Orient, Citizen, Seiko đang thống lĩnh thị trường hiện nay</p>\r\n<p><strong>Phân tích so sánh các hiệu đồng hồ nữ Nhật Bản qua 5 khía cạnh</strong></p>\r\n<p><strong><em>1. Giá cả</em></strong></p>\r\n<p>Nhìn chung, trên cùng một đặc điểm-tính năng, giá cả sẽ tăng dần theo thứ tự sau: <a href=\"https://donghohaitrieu.com/brand/casio\" target=\"_blank\" rel=\"nofollow noopener\">Casio</a>, Orient, Citizen, Seiko. Tương ứng, sản phẩm của họ tập trung chủ yếu lần lượt trong 4 phân khúc: 500.000-10 triệu; 2 - 15 triệu; 3-20 triệu; 4-30 triệu.</p>\r\n<p><strong><em>2. Thiết kế</em></strong></p>\r\n<p><em>Casio:</em> Hiện có hơn 1000 mẫu mã tại Đồng Hồ Hải Triều, trẻ trung thời trang hay chín chắn trưởng thành đều rất dễ tìm. Tuy nhiên, đồng hồ siêu mỏng thường không phải là thế mạnh.</p>\r\n<p align=\"center\"><img class=\"news-image initial loaded\" src=\"https://cdn.eva.vn/upload/2-2019/images/2019-06-05/vai-dong-ve-uu-nhuoc-giua-cac-hieu-dong-ho-nu-nhat-ban-dong-ho--2--1559724470-852-width660height440.jpg\" alt=\"vai dong ve uu nhuoc giua cac hieu dong ho nu nhat ban - 2\" width=\"500\" height=\"333\" data-original=\"https://cdn.eva.vn/upload/2-2019/images/2019-06-05/vai-dong-ve-uu-nhuoc-giua-cac-hieu-dong-ho-nu-nhat-ban-dong-ho--2--1559724470-852-width660height440.jpg\" data-was-processed=\"true\" /></p>\r\n<p>Casio hiện đang có sẵn hơn 1000 mẫu mã máy pin thời trang dành cho nữ (minh họa: Casio LTP-E141L-1AVDF)</p>\r\n<p><em>Orient:</em> không đa dạng như Casio, Citizen và Seiko, thiên về đồng hồ cơ nên mẫu mã thường đi theo hướng cổ điển.</p>\r\n<p><em>Citizen</em>: thiết kế đa dạng chỉ sau Casio nhưng phủ rộng mọi khía cạnh, từ độ dày mỏng cho đến vật liệu, tính năng, bộ máy.... Hiện có hơn 800 mẫu mã.</p>\r\n<p><em>Seiko</em>: hiện có hơn 500 mẫu mã, phần lớn đi theo phong cách quý phái, cổ điển và tao nhã. Dĩ nhiên, họ vẫn có khá nhiều thiết kế trẻ trung, độc đáo.</p>\r\n<p><em><strong>3. Độ bền</strong></em></p>\r\n<p><em>Casio:</em> thiết kế thường dày dặn, sử dụng máy pin nên được đánh giá là rất bền trước va đập hoặc gặp nước thông thường.</p>\r\n<p><em>Orient:</em> do hãng này sử dụng 100% thép không gỉ nên có thể xem là bền hơn các mẫu Casio giá rẻ về mặt chất liệu.</p>\r\n<p align=\"center\"><img class=\"news-image loaded\" src=\"https://cdn.eva.vn/upload/2-2019/images/2019-06-05/vai-dong-ve-uu-nhuoc-giua-cac-hieu-dong-ho-nu-nhat-ban-dong-ho--3--1559724470-312-width660height440.jpg\" alt=\"vai dong ve uu nhuoc giua cac hieu dong ho nu nhat ban - 3\" data-original=\"https://cdn.eva.vn/upload/2-2019/images/2019-06-05/vai-dong-ve-uu-nhuoc-giua-cac-hieu-dong-ho-nu-nhat-ban-dong-ho--3--1559724470-312-width660height440.jpg\" data-was-processed=\"true\" /></p>\r\n<p>Orient được xem là thương hiệu đồng hồ nữ Nhật Bản máy cơ hàng đầu thị trường (minh họa: Orient FER2H003W0.NX)</p>\r\n<p><em>Citizen:</em> độ bền tùy theo độ dày mỏng của thiết kế và bộ máy nhưng nhìn chung đều rất ổn, tương đương Orient nếu cùng mức giá.</p>\r\n<p><em>Seiko:</em> uy tín về chất lượng của Seiko thì không cần phải bàn cãi, độ bền đứng đầu danh sách cho cả chất liệu và bộ máy bên trong. Theo <a href=\"https://donghohaitrieu.com/\" target=\"_blank\" rel=\"nofollow noopener\">Đồng hồ Hải Triều</a> chia sẻ, đây là thương hiệu hiếm hoi gần như không có bất cứ phàn nàn nào từ khách hàng.</p>\r\n<p><em><strong>4. Tính năng</strong></em></p>\r\n<p>Không có nhiều khác biệt trong tính năng ở các hiệu đồng hồ nữ Nhật Bản. Tùy theo mẫu mã và bộ máy mà đồng hồ sẽ có tính năng tương ứng. Thông thường, máy pin sẽ có nhiều tính năng hơn máy cơ.</p>\r\n<p><em><strong>5. Uy tín</strong></em></p>\r\n<p>Casio thành lập năm 1946 nhưng đến những năm 1980 mới sản xuất đồng hồ. Tiền thân có nguồn gốc từ năm 1901 trong khi công ty Orient bắt đầu vào năm 1950. Tiền thân của Citizen ra đời năm 1918 còn công ty hiện tại thành lập năm 1930. Lâu đời nhất là Seiko, công ty ra đời năm 1892 nhưng đến 1924 thì mới sử dụng thương hiệu Seiko.</p>\r\n<p>Dựa theo lịch sử, có thể thấy được Seiko là thương hiệu có danh vọng cao hơn cả, tiếp theo là Citizen, Orient rồi mới đến Casio. Đây cũng là thứ tự có ảnh hưởng lớn đến trình độ chế tác đồng hồ cơ khí và nghề thủ công ở các hãng.</p>\r\n<p align=\"center\"><img class=\"news-image loaded\" src=\"https://cdn.eva.vn/upload/2-2019/images/2019-06-05/vai-dong-ve-uu-nhuoc-giua-cac-hieu-dong-ho-nu-nhat-ban-dong-ho--4--1559724470-36-width660height440.jpg\" alt=\"vai dong ve uu nhuoc giua cac hieu dong ho nu nhat ban - 4\" data-original=\"https://cdn.eva.vn/upload/2-2019/images/2019-06-05/vai-dong-ve-uu-nhuoc-giua-cac-hieu-dong-ho-nu-nhat-ban-dong-ho--4--1559724470-36-width660height440.jpg\" data-was-processed=\"true\" /></p>\r\n<p>Về thiết kế bên ngoài, hiếm có tên tuổi Nhật Bản nào sánh được với Citizen (minh họa Citizen EM0384-56D)</p>\r\n<p><strong>Cú lừa mạo danh “thương hiệu Nhật Bản”</strong></p>\r\n<p>Nên biết, đồng hồ Nhật nổi tiếng nhưng lại có khá ít thương hiệu. Trong khi đó, một vấn nạn nhức nhối hiện nay đó là “nhận vơ”, rất nhiều thương hiệu Trung Quốc đang được quảng cáo như thương hiệu Nhật Bản.</p>\r\n<p>Vì thế, nếu thấy có hiệu đồng hồ nữ Nhật Bản nào “là lạ”, giá bán rẻ (dưới 2 triệu cho đồng hồ cơ/dưới 500.000 đ với đồng hồ pin), ta nên kiểm tra lại xuất xứ cho rõ ràng. Có thể chất lượng của các hiệu “mạo nhận” này khá là ổn nhưng rõ ràng, chúng không phải “hàng Nhật”.</p>\r\n<p><strong>Nơi mua đồng hồ nữ Nhật Bản chính hãng</strong></p>\r\n<p align=\"center\"><img class=\"news-image loaded\" src=\"https://cdn.eva.vn/upload/2-2019/images/2019-06-05/vai-dong-ve-uu-nhuoc-giua-cac-hieu-dong-ho-nu-nhat-ban-dong-ho--5--1559724470-90-width660height440.jpg\" alt=\"vai dong ve uu nhuoc giua cac hieu dong ho nu nhat ban - 5\" data-original=\"https://cdn.eva.vn/upload/2-2019/images/2019-06-05/vai-dong-ve-uu-nhuoc-giua-cac-hieu-dong-ho-nu-nhat-ban-dong-ho--5--1559724470-90-width660height440.jpg\" data-was-processed=\"true\" /></p>\r\n<p>Danh giá hàng đầu là điều không cần phải bàn cãi khi nói về Seiko trước các đối thủ Nhật Bản khác (minh họa: Seiko SSA838J1)</p>\r\n<p>Ở Việt Nam, cách tốt nhất để an tâm và thoải mái chọn lựa mẫu mã từ các hiệu đồng hồ nữ Nhật Bản chính hãng, bạn hãy cân nhắc ghé thăm những Đại lý ủy quyền lớn, hoạt động lâu năm như Đồng hồ Hải Triều.</p>\r\n<p>Mua hàng tại đại lý không chỉ đảm bảo sản phẩm chính hãng mà còn nhận được nhiều lợi ích như tặng thêm 4 năm bảo hành, miễn phí thay pin trọn đời, chuyên môn về đồng hồ rất cao, giàu kinh nghiệm hỗ trợ trong rất nhiều trường hợp.</p>',29,0,7,1,'',0,'2019-06-19','/uploads/1560937879972dongho.jpg',32),(19,4,'Là con gái \"vua kim cương\", vợ Chân Tử Đan có cả kho hàng hiệu bạc tỷ',NULL,'Không hổ danh là con gái \"vua kim cương\", Uông Thi Thi gây choáng với kho đồ hiệu.','<p>Cuối tháng 3 vừa qua, vợ chồng Chân Tử Đan gây chú ý truyền thông khi bỏ về giữa chừng tại một sự kiện gây quỹ từ thiện. Nhiều người phê phán thái độ không chuyên nghiệp của cặp đôi quyền lực và giàu có này. Tuy nhiên, bà xã Chân Tử Đan cho hay họ không được ban tổ chức tôn trọng, tiếp đón kém chu đáo. </p>\r\n<p align=\"center\"><img class=\"news-image initial loaded\" src=\"https://cdn.eva.vn/upload/2-2019/images/2019-04-11/la-con-gai-vua-kim-cuong-vo-chan-tu-dan-co-ca-kho-hang-hieu-bac-ty-1-1555000429-168-width660height952.jpg\" alt=\"la con gai &amp;#34;vua kim cuong&amp;#34;, vo chan tu dan co ca kho hang hieu bac ty - 1\" width=\"500\" height=\"721\" data-original=\"https://cdn.eva.vn/upload/2-2019/images/2019-04-11/la-con-gai-vua-kim-cuong-vo-chan-tu-dan-co-ca-kho-hang-hieu-bac-ty-1-1555000429-168-width660height952.jpg\" data-was-processed=\"true\" /></p>\r\n<p>Hình ảnh mới nhất của Chân Tử Đan bên vợ và con gái trong một sự kiện gây quỹ từ thiện hồi tháng 3.2019. Cả nhà tài tử võ thuật gây ồn ào vì bỏ về nửa chừng, cảm thấy không được tôn trọng.</p>\r\n<p>Hiền thê của \"Diệp Vấn\" Chân Tử Đan là tiểu thư đình đám Uông Thi Thi (Cecilia Wang). Cô là con gái một doanh nhân giàu có trong lĩnh vực buôn bán trang sức, được mệnh danh là \"ông vua kim cương\" trong giới Hoa kiều tại Canada. Trước khi kết hôn, Uông Thi Thi vốn làm người mẫu, từng đăng quang Hoa hậu Hoa kiều Toronto. Tuy nhiên hơn chục năm nay, người đẹp sinh năm 1981 đã rút lui khỏi làng giải trí, kinh doanh bất động sản và làm hậu phương cho chồng. </p>\r\n<p>Vốn là một tiểu thư hào môn, Uông Thi Thi từ nhỏ đã sống trong nhung lụa. Khi làm vợ ngôi sao võ thuật Chân Tử Đan, người đẹp càng thêm danh giá, nổi tiếng. Theo nhiều nguồn tin, cô là người quản lý số tài sản nghìn tỷ của chồng, thường xuyên được ông xã mua tặng hàng hiệu đắt tiền, quà cáp giá trị. </p>\r\n<p>Mỗi khi xuất hiện trước đám đông, Uông Thi Thi luôn chọn cho mình phong cách sang trọng, toát lên vẻ cao sang, quyền quý. Ít phô trương nhưng ai cũng có thể nhận ra trên người cô dát lên toàn thương hiệu đẳng cấp, đắt đỏ. Có những món đồ của \"tiểu thư kim cương” lên đến mức giá hàng chục tỷ đồng. </p>\r\n<div id=\"ADS_159_15s\" class=\"txtCent\"> </div>\r\n<p align=\"center\"><img class=\"news-image loaded\" src=\"https://cdn.eva.vn/upload/2-2019/images/2019-04-11/la-con-gai-vua-kim-cuong-vo-chan-tu-dan-co-ca-kho-hang-hieu-bac-ty-2-1555000429-55-width550height393.jpg\" alt=\"la con gai &amp;#34;vua kim cuong&amp;#34;, vo chan tu dan co ca kho hang hieu bac ty - 2\" data-original=\"https://cdn.eva.vn/upload/2-2019/images/2019-04-11/la-con-gai-vua-kim-cuong-vo-chan-tu-dan-co-ca-kho-hang-hieu-bac-ty-2-1555000429-55-width550height393.jpg\" data-was-processed=\"true\" /></p>\r\n<p>Trong ngày sinh nhật thứ 36 của Uông Thi Thi, Chân Tử Đan tặng cô đồng hồ Patek Philippe - thương hiệu đồng hồ đắt đỏ số 1 thế giới. Một số nguồn tin cho biết nó có giá hơn 3 tỷ đồng. </p>\r\n<p align=\"center\"><img class=\"news-image loaded\" src=\"https://cdn.eva.vn/upload/2-2019/images/2019-04-11/la-con-gai-vua-kim-cuong-vo-chan-tu-dan-co-ca-kho-hang-hieu-bac-ty-3-1555000429-812-width446height544.jpg\" alt=\"la con gai &amp;#34;vua kim cuong&amp;#34;, vo chan tu dan co ca kho hang hieu bac ty - 3\" data-original=\"https://cdn.eva.vn/upload/2-2019/images/2019-04-11/la-con-gai-vua-kim-cuong-vo-chan-tu-dan-co-ca-kho-hang-hieu-bac-ty-3-1555000429-812-width446height544.jpg\" data-was-processed=\"true\" /></p>\r\n<p>Xuất hiện tại một buổi bán sản phẩm nghệ thuật ở Bắc Kinh. Uông Thi Thi đã đeo chiếc vòng cổ ngọc bích kim cương trị giá 500 vạn nhân dân tệ (khoảng 16,4 tỷ đồng).</p>\r\n<p align=\"center\"><img class=\"news-image loaded\" src=\"https://cdn.eva.vn/upload/2-2019/images/2019-04-11/la-con-gai-vua-kim-cuong-vo-chan-tu-dan-co-ca-kho-hang-hieu-bac-ty-4-1555000429-203-width520height723.jpg\" alt=\"la con gai &amp;#34;vua kim cuong&amp;#34;, vo chan tu dan co ca kho hang hieu bac ty - 4\" data-original=\"https://cdn.eva.vn/upload/2-2019/images/2019-04-11/la-con-gai-vua-kim-cuong-vo-chan-tu-dan-co-ca-kho-hang-hieu-bac-ty-4-1555000429-203-width520height723.jpg\" data-was-processed=\"true\" /></p>\r\n<p>Trong hoạt động gây quỹ từ thiện Bảo Miêu, Uông Thi Thi diện đầm xanh cúp ngực vô cùng quyến rũ, tay đeo đồng hồ hàng hiệu Jeager- LeCoultre. Đây là thương hiệu nổi tiếng ở Thụy Sĩ, đã có 180 năm kinh nghiệm trong ngành chế tác trang sức. Được biết, nó vô cùng đắt đỏ, giá cả lên tới tiền tỷ.</p>\r\n<p align=\"center\"><img class=\"news-image loaded\" src=\"https://cdn.eva.vn/upload/2-2019/images/2019-04-11/la-con-gai-vua-kim-cuong-vo-chan-tu-dan-co-ca-kho-hang-hieu-bac-ty-5-1555000429-529-width660height1016.jpg\" alt=\"la con gai &amp;#34;vua kim cuong&amp;#34;, vo chan tu dan co ca kho hang hieu bac ty - 5\" data-original=\"https://cdn.eva.vn/upload/2-2019/images/2019-04-11/la-con-gai-vua-kim-cuong-vo-chan-tu-dan-co-ca-kho-hang-hieu-bac-ty-5-1555000429-529-width660height1016.jpg\" data-was-processed=\"true\" /></p>\r\n<p style=\"text-align: center;\">Trong sự kiện mới đây, vợ Chân Tử Đan dùng bộ trang sức kim cương của Chopard, váy Marco M Chan, giày của thương hiệu Giuseppe Zanotti. </p>\r\n<p align=\"center\"><img class=\"news-image loaded\" src=\"https://cdn.eva.vn/upload/2-2019/images/2019-04-11/la-con-gai-vua-kim-cuong-vo-chan-tu-dan-co-ca-kho-hang-hieu-bac-ty-6-1555000429-480-width450height600.jpg\" alt=\"la con gai &amp;#34;vua kim cuong&amp;#34;, vo chan tu dan co ca kho hang hieu bac ty - 6\" data-original=\"https://cdn.eva.vn/upload/2-2019/images/2019-04-11/la-con-gai-vua-kim-cuong-vo-chan-tu-dan-co-ca-kho-hang-hieu-bac-ty-6-1555000429-480-width450height600.jpg\" data-was-processed=\"true\" /></p>\r\n<p style=\"text-align: center;\">Còn đây là đầm của hãng Moiselle, kết hợp cùng giày Jimmy Choo. </p>\r\n<p> </p>\r\n<p align=\"center\"><img class=\"news-image loaded\" src=\"https://cdn.eva.vn/upload/2-2019/images/2019-04-11/la-con-gai-vua-kim-cuong-vo-chan-tu-dan-co-ca-kho-hang-hieu-bac-ty-8-1555000429-616-width960height908.jpg\" alt=\"la con gai &amp;#34;vua kim cuong&amp;#34;, vo chan tu dan co ca kho hang hieu bac ty - 8\" width=\"660\" data-original=\"https://cdn.eva.vn/upload/2-2019/images/2019-04-11/la-con-gai-vua-kim-cuong-vo-chan-tu-dan-co-ca-kho-hang-hieu-bac-ty-8-1555000429-616-width960height908.jpg\" data-was-processed=\"true\" /></p>\r\n<p style=\"text-align: center;\">Cô thường xuyên góp mặt trong các sự kiện <a class=\"TextlinkBaiviet\" href=\"https://eva.vn/thoi-trang-c36.html\">thời trang</a> ở Hồng Kông và quốc tế. </p>',29,0,0,0,'',0,'2019-06-19','/uploads/1560938265584daigia.jpg',NULL),(20,6,'Vũ Ngọc & Son mang vẻ đẹp của đại dương vào trang phục hè','2019-06-20 00:00:00','Hai nhà thiết kế chuẩn bị cho trình làng bộ sưu tập \'Lãng du\' lấy cảm hứng từ biển cả và đại dương.','<table class=\"FmsArticleBoxStyle ImageBox ImageCenterBox Border-1 image\">\r\n<tbody>\r\n<tr>\r\n<td class=\"FmsArticleBoxStyle-Images image \"><a class=\"slide2014 cboxElement\" title=\"Hai nhà thiết kế Vũ Ngọc &amp; Son trình làng các thiết kế mới nhất trong bộ sưu tập mới. Cặp đôi tiếp tục chứng tỏ độ nhạy bén trong xử lý màu sắc và chất liệu để tạo nên một tổng thể tranh sinh động trên váy áo. \" href=\"https://vnn-imgs-f.vgcloud.vn/2019/06/18/17/vu-ngoc.jpg\"><img title=\"Vũ Ngọc &amp; Son mang vẻ đẹp của đại dương vào trang phục hè\" src=\"https://vnn-imgs-f.vgcloud.vn/2019/06/18/17/vu-ngoc.jpg\" alt=\"Vũ Ngọc &amp; Son mang vẻ đẹp của đại dương vào trang phục hè\" /></a></td>\r\n</tr>\r\n<tr>\r\n<td class=\"FmsArticleBoxStyle-Content image_desc\">Hai nhà thiết kế Vũ Ngọc &amp; Son trình làng các thiết kế mới nhất trong bộ sưu tập mới. Cặp đôi tiếp tục chứng tỏ độ nhạy bén trong xử lý màu sắc và chất liệu để tạo nên một tổng thể tranh sinh động trên váy áo. </td>\r\n</tr>\r\n</tbody>\r\n</table>\r\n<table class=\"FmsArticleBoxStyle ImageBox ImageCenterBox Border-1 image\">\r\n<tbody>\r\n<tr>\r\n<td class=\"FmsArticleBoxStyle-Images image \"><a class=\"slide2014 cboxElement\" title=\"Bộ sưu tập lấy cảm hứng từ bộ phim điện ảnh kinh điển L’’avventura - Cuộc phiêu lưu của đạo diễn người Ý Michelangelo với những hành trình lãng du về đất trời với tình yêu bao la. Chất liệu cho trang phục cũng gắn liền với thiên nhiên như lụa tơ tằm, tafta, chifont...\" href=\"https://vnn-imgs-f.vgcloud.vn/2019/06/18/17/vu-ngoc-1.jpg\"><img title=\"Vũ Ngọc &amp; Son mang vẻ đẹp của đại dương vào trang phục hè\" src=\"https://vnn-imgs-f.vgcloud.vn/2019/06/18/17/vu-ngoc-1.jpg\" alt=\"Vũ Ngọc &amp; Son mang vẻ đẹp của đại dương vào trang phục hè\" /></a></td>\r\n</tr>\r\n<tr>\r\n<td class=\"FmsArticleBoxStyle-Content image_desc\">Bộ sưu tập lấy cảm hứng từ bộ phim điện ảnh kinh điển L’’avventura - Cuộc phiêu lưu của đạo diễn người Ý Michelangelo với những hành trình lãng du về đất trời với tình yêu bao la. Chất liệu cho trang phục cũng gắn liền với thiên nhiên như lụa tơ tằm, tafta, chifont...</td>\r\n</tr>\r\n</tbody>\r\n</table>\r\n<table class=\"FmsArticleBoxStyle ImageBox ImageCenterBox Border-1 image\">\r\n<tbody>\r\n<tr>\r\n<td class=\"FmsArticleBoxStyle-Images image \"><a class=\"slide2014 cboxElement\" title=\"Các màu xanh, hồng nhạt, vàng mơ, cam san hô là gam màu ưa thích của Vũ Ngọc &amp; Son. Phom dáng váy đầm maxi, váy bút chì, váy suông cũng được hai nhà mốt lăng xê trong bộ sưu tập lần này.\" href=\"https://vnn-imgs-f.vgcloud.vn/2019/06/18/17/vu-ngoc-3.jpg\"><img title=\"Vũ Ngọc &amp; Son mang vẻ đẹp của đại dương vào trang phục hè\" src=\"https://vnn-imgs-f.vgcloud.vn/2019/06/18/17/vu-ngoc-3.jpg\" alt=\"Vũ Ngọc &amp; Son mang vẻ đẹp của đại dương vào trang phục hè\" /></a></td>\r\n</tr>\r\n<tr>\r\n<td class=\"FmsArticleBoxStyle-Content image_desc\">Các màu xanh, hồng nhạt, vàng mơ, cam san hô là gam màu ưa thích của Vũ Ngọc &amp; Son. Phom dáng váy đầm maxi, váy bút chì, váy suông cũng được hai nhà mốt lăng xê trong bộ sưu tập lần này.</td>\r\n</tr>\r\n</tbody>\r\n</table>\r\n<table class=\"FmsArticleBoxStyle ImageBox ImageCenterBox Border-1 image\">\r\n<tbody>\r\n<tr>\r\n<td class=\"FmsArticleBoxStyle-Images image \"><a class=\"slide2014 cboxElement\" title=\"Với các mẫu thiết kế dành cho nam giới, nhà thiết kế chú trọng chất liệu vải thô với phom oversize tạo sự mạnh mẽ nhưng không kém phần thoải mái trong thời tiết mùa hè.\" href=\"https://vnn-imgs-f.vgcloud.vn/2019/06/18/17/vu-ngoc-4.jpg\"><img title=\"Vũ Ngọc &amp; Son mang vẻ đẹp của đại dương vào trang phục hè\" src=\"https://vnn-imgs-f.vgcloud.vn/2019/06/18/17/vu-ngoc-4.jpg\" alt=\"Vũ Ngọc &amp; Son mang vẻ đẹp của đại dương vào trang phục hè\" /></a></td>\r\n</tr>\r\n<tr>\r\n<td class=\"FmsArticleBoxStyle-Content image_desc\">Với các mẫu thiết kế dành cho nam giới, nhà thiết kế chú trọng chất liệu vải thô với phom oversize tạo sự mạnh mẽ nhưng không kém phần thoải mái trong thời tiết mùa hè.</td>\r\n</tr>\r\n</tbody>\r\n</table>\r\n<table class=\"FmsArticleBoxStyle ImageBox ImageCenterBox Border-1 image\">\r\n<tbody>\r\n<tr>\r\n<td class=\"FmsArticleBoxStyle-Images image \"><a class=\"slide2014 cboxElement\" title=\" “Các bộ sưu tập của chúng tôi được lấy cảm xúc từ mọi lúc mọi nơi, từ những điều giản dị và gần gũi với cuộc sống, đôi khi trong những hành trình khám phá hay đơn giản là nghe những bản nhạc hay cũng là những cảm xúc thăng hoa để cho ra đời bộ sưu tập…”, nhà thiết kế chia sẻ.\" href=\"https://vnn-imgs-f.vgcloud.vn/2019/06/18/17/vu-ngoc-5.jpg\"><img title=\"Vũ Ngọc &amp; Son mang vẻ đẹp của đại dương vào trang phục hè\" src=\"https://vnn-imgs-f.vgcloud.vn/2019/06/18/17/vu-ngoc-5.jpg\" alt=\"Vũ Ngọc &amp; Son mang vẻ đẹp của đại dương vào trang phục hè\" /></a></td>\r\n</tr>\r\n<tr>\r\n<td class=\"FmsArticleBoxStyle-Content image_desc\"> “Các bộ sưu tập của chúng tôi được lấy cảm xúc từ mọi lúc mọi nơi, từ những điều giản dị và gần gũi với cuộc sống, đôi khi trong những hành trình khám phá hay đơn giản là nghe những bản nhạc hay cũng là những cảm xúc thăng hoa để cho ra đời bộ sưu tập…”, nhà thiết kế chia sẻ.</td>\r\n</tr>\r\n</tbody>\r\n</table>\r\n<div class=\"box-taitro clearfix\">\r\n<div class=\"VnnAdsPos clearfix\" data-pos=\"vt_detail_sponsor_center\"> </div>\r\n</div>\r\n<table class=\"FmsArticleBoxStyle ImageBox ImageCenterBox Border-1 image\">\r\n<tbody>\r\n<tr>\r\n<td class=\"FmsArticleBoxStyle-Images image \"><a class=\"slide2014 cboxElement\" title=\"Show diễn dự kiến ra mắt hơn 100 mẫu thiết kế với tính ứng dụng cao xuyên suốt chương trình. Khách mời tham gia ngoài 40 siêu mẫu, hoa hậu… hàng đầu hiện nay còn có hơn 100 các ngôi sao, nghệ sĩ, doanh nhân nổi tiếng tại Việt Nam.\" href=\"https://vnn-imgs-f.vgcloud.vn/2019/06/18/17/vu-ngoc-6.jpg\"><img title=\"Vũ Ngọc &amp; Son mang vẻ đẹp của đại dương vào trang phục hè\" src=\"https://vnn-imgs-f.vgcloud.vn/2019/06/18/17/vu-ngoc-6.jpg\" alt=\"Vũ Ngọc &amp; Son mang vẻ đẹp của đại dương vào trang phục hè\" /></a></td>\r\n</tr>\r\n<tr>\r\n<td class=\"FmsArticleBoxStyle-Content image_desc\">Show diễn dự kiến ra mắt hơn 100 mẫu thiết kế với tính ứng dụng cao xuyên suốt chương trình. Khách mời tham gia ngoài 40 siêu mẫu, hoa hậu… hàng đầu hiện nay còn có hơn 100 các ngôi sao, nghệ sĩ, doanh nhân nổi tiếng tại Việt Nam.</td>\r\n</tr>\r\n</tbody>\r\n</table>\r\n<table class=\"FmsArticleBoxStyle ImageBox ImageCenterBox Border-1 image\">\r\n<tbody>\r\n<tr>\r\n<td class=\"FmsArticleBoxStyle-Images image \"><a class=\"slide2014 cboxElement\" title=\"Hai nhà thiết kế kỳ vọng qua bộ sưu tập muốn muốn mang đến cho giới mộ điệu tinh thần hứng khởi, lạc quan cho những hành trình mùa hè lãng du qua mọi miền. Show diễn được tổ chức trên bến Bạch Đằng (TP HCM) vào ngày 30/6.\" href=\"https://vnn-imgs-f.vgcloud.vn/2019/06/18/17/vu-ngoc-7.jpg\"><img title=\"Vũ Ngọc &amp; Son mang vẻ đẹp của đại dương vào trang phục hè\" src=\"https://vnn-imgs-f.vgcloud.vn/2019/06/18/17/vu-ngoc-7.jpg\" alt=\"Vũ Ngọc &amp; Son mang vẻ đẹp của đại dương vào trang phục hè\" /></a></td>\r\n</tr>\r\n<tr>\r\n<td class=\"FmsArticleBoxStyle-Content image_desc\">Hai nhà thiết kế kỳ vọng qua bộ sưu tập muốn muốn mang đến cho giới mộ điệu tinh thần hứng khởi, lạc quan cho những hành trình mùa hè lãng du qua mọi miền. Show diễn được tổ chức trên bến Bạch Đằng (TP HCM) vào ngày 30/6.</td>\r\n</tr>\r\n</tbody>\r\n</table>',29,0,2,1,'',0,'2019-06-19','/uploads/1560938839701vu-ngoc.jpg',32),(21,10,'Choáng trước những trường mầm non là mơ ước của mọi đứa trẻ','2019-06-20 00:00:00','Một trường mẫu giáo đẹp với muôn màu sắc rực rỡ và nhiều đồ chơi, đồ dùng học tập hiện đại luôn là giấc mơ không chỉ của các bé mà còn là niềm ao ước của các bậc phụ huynh cũng như cô giáo','<p><strong>Trường mẫu giáo Dalle des Olympiades, Paris, Pháp</strong></p>\r\n<p align=\"center\"><img class=\"news-image loaded\" src=\"https://cdn.24h.com.vn/upload/2-2019/images/2019-06-19/1560879089-749-choang-truoc-nhung-truong-mam-non-la-mo-uoc-cua-moi-dua-tre-2-1560850816-width686height593.png\" alt=\"Choáng trước những trường mầm non là mơ ước của mọi đứa trẻ - 2\" data-original=\"https://cdn.24h.com.vn/upload/2-2019/images/2019-06-19/1560879089-749-choang-truoc-nhung-truong-mam-non-la-mo-uoc-cua-moi-dua-tre-2-1560850816-width686height593.png\" data-was-processed=\"true\" /></p>\r\n<p>Nằm trong khu phố Olympiades, trường mẫu giáo được xây dựng nổi bật như một món đồ chơi lấp lánh giữa các tòa tháp và khối nhà lân cận. Nó là một phần của việc đánh giá lại một dự án quy hoạch đô thị dày đặc, đầy đủ chức năng và hỗn hợp được xây dựng vào những năm 1960 và 70.</p>\r\n<p><strong>Trường mẫu giáo Barbapapà , Vignola, Ý</strong></p>\r\n<p align=\"center\"><img class=\"news-image loaded\" src=\"https://cdn.24h.com.vn/upload/2-2019/images/2019-06-19/1560879089-882-choang-truoc-nhung-truong-mam-non-la-mo-uoc-cua-moi-dua-tre-3-1560850829-width691height464.png\" alt=\"Choáng trước những trường mầm non là mơ ước của mọi đứa trẻ - 3\" data-original=\"https://cdn.24h.com.vn/upload/2-2019/images/2019-06-19/1560879089-882-choang-truoc-nhung-truong-mam-non-la-mo-uoc-cua-moi-dua-tre-3-1560850829-width691height464.png\" data-was-processed=\"true\" /></p>\r\n<p>Trường mẫu giáo Barb Barbapapà được thiết kế vào năm 2006, do chính quyền thành phố Vignola đề xuất. Chương trình bao gồm không gian dành cho 60 trẻ em được chia thành bốn lớp. Ngôi trường nhằm mục đích trở thành một biểu hiện kiến ​​trúc của ý thức trưởng thành về các chủ đề bền vững.</p>\r\n<div id=\"ADS_159_15s\" class=\"txtCent\"> </div>\r\n<p><strong>Trường mẫu giáo quốc tế Kensington, Thái Lan</strong></p>\r\n<p align=\"center\"> </p>\r\n<div>\r\n<div><img class=\"news-image loaded\" src=\"https://cdn.24h.com.vn/upload/2-2019/images/2019-06-19/1560879089-409-choang-truoc-nhung-truong-mam-non-la-mo-uoc-cua-moi-dua-tre-4-1560850842-width691height511.png\" alt=\"Choáng trước những trường mầm non là mơ ước của mọi đứa trẻ - 4\" data-original=\"https://cdn.24h.com.vn/upload/2-2019/images/2019-06-19/1560879089-409-choang-truoc-nhung-truong-mam-non-la-mo-uoc-cua-moi-dua-tre-4-1560850842-width691height511.png\" data-was-processed=\"true\" />\r\n<div id=\"24h-banner-in-image\">\r\n<div id=\"ADS_139_15s\" class=\"txtCent\"> </div>\r\n</div>\r\n</div>\r\n</div>\r\n<p> </p>\r\n<p>Nằm ở Bangkok, Thái Lan, trường mẫu giáo này chủ yếu nhằm mục đích tìm ra nhận thức mới về không gian chơi sẽ tạo thêm cơ hội cho trẻ em sử dụng không gian theo trí tưởng tượng của chúng. Các bức tường đường cong bằng kính trong suốt hoạt động như những lớp mỏng tách biệt nhẹ nhàng giữa không gian học tập bên trong và không gian vui chơi bên ngoài để đưa trẻ đến gần với môi trường tự nhiên.</p>\r\n<p><strong>Trường mẫu giáo Forfatterhuset, Copenhagen, Đan Mạch</strong></p>\r\n<p align=\"center\"><img class=\"news-image loaded\" src=\"https://cdn.24h.com.vn/upload/2-2019/images/2019-06-19/1560879090-409-choang-truoc-nhung-truong-mam-non-la-mo-uoc-cua-moi-dua-tre-5-1560850854-width692height540.png\" alt=\"Choáng trước những trường mầm non là mơ ước của mọi đứa trẻ - 6\" data-original=\"https://cdn.24h.com.vn/upload/2-2019/images/2019-06-19/1560879090-409-choang-truoc-nhung-truong-mam-non-la-mo-uoc-cua-moi-dua-tre-5-1560850854-width692height540.png\" data-was-processed=\"true\" /></p>\r\n<p>Trường mẫu giáo bao gồm năm ngôi nhà nhỏ, tất cả đều có mái nhà xanh và vườn trên mái. Bên ngoài trường mẫu giáo xuất hiện như một ngôi làng cho trẻ em, nhưng bên trong nó mạch lạc và hiệu quả.</p>\r\n<p align=\"center\"><img class=\"news-image loaded\" src=\"https://cdn.24h.com.vn/upload/2-2019/images/2019-06-19/1560879090-429-choang-truoc-nhung-truong-mam-non-la-mo-uoc-cua-moi-dua-tre-6-1560850867-width685height593.png\" alt=\"Choáng trước những trường mầm non là mơ ước của mọi đứa trẻ - 7\" data-original=\"https://cdn.24h.com.vn/upload/2-2019/images/2019-06-19/1560879090-429-choang-truoc-nhung-truong-mam-non-la-mo-uoc-cua-moi-dua-tre-6-1560850867-width685height593.png\" data-was-processed=\"true\" /></p>\r\n<p>Tại Tachikawa, Tokyo, Nhật Bản có khu phức hợp trường mẫu giáo Fuji do kiến trúc sư Tezuka thiết kế. Ngôi trường có điểm nhấn là được thiết kế xung quanh một cây Cây. Vòng đai xung quanh một cây gỗ cung cấp nhiều phòng học và phòng chơi. Tòa nhà rộng khoảng 145 m2 được bố trí liền kề với một trạm chờ xe buýt của trường.</p>\r\n<p><strong>Trường mẫu giáo hiện đại ở Jakarta, Indonesia</strong></p>\r\n<p align=\"center\"><img class=\"news-image loaded\" src=\"https://cdn.24h.com.vn/upload/2-2019/images/2019-06-19/1560879090-180-choang-truoc-nhung-truong-mam-non-la-mo-uoc-cua-moi-dua-tre-7-1560850908-width686height590.png\" alt=\"Choáng trước những trường mầm non là mơ ước của mọi đứa trẻ - 8\" data-original=\"https://cdn.24h.com.vn/upload/2-2019/images/2019-06-19/1560879090-180-choang-truoc-nhung-truong-mam-non-la-mo-uoc-cua-moi-dua-tre-7-1560850908-width686height590.png\" data-was-processed=\"true\" /></p>\r\n<p>Bintaro Jaya là một trong nhiều khu vực ngoại ô của Jakarta, Indonesia không ngừng phát triển. Là một trong những phát triển bất động sản tắc nghẽn cao, có nhu cầu cao đối với các cơ sở <a class=\"TextlinkBaiviet\" title=\"giáo dục\" href=\"https://www.24h.com.vn/giao-duc-du-hoc-c216.html\">giáo dục</a>. Trường mẫu giáo này được xây dựng trong khu dân cư với thiết kế độc đáo gồm các phòng học hiện đại và một khoảng sân rộng cho trẻ em thoải mái chơi đùa và học làm các ngành nghề bé yêu thích.</p>',29,0,0,1,'',0,'2019-06-19','/uploads/1560939863991mamnon.png',32),(22,11,'Lớp 6 Trường THPT Chuyên Hà Nội Amsterdam lấy bao nhiêu điểm?','2019-06-20 00:00:00','Sở GD&ĐT Hà Nội vừa công bố bảng điểm chuẩn trúng tuyển vào lớp 6 Trường THPT Chuyên Hà Nội Amsterdam và điểm tuyển sinh chương trình thí điểm Song bằng lớp 6 các trường.','<p>Theo đó, năm nay Trường THPT Chuyên Hà Nội Amsterdam <a class=\"TextlinkBaiviet\" title=\"tuyển sinh\" href=\"https://www.24h.com.vn/tuyen-sinh-dh-cd-c365.html\">tuyển sinh</a> 200 chỉ tiêu lớp 6 năm học 2019-2020 với mức <a class=\"TextlinkBaiviet\" title=\"điểm chuẩn\" href=\"https://www.24h.com.vn/diem-chuan-dh-cd-2012-c216e2139.html\">điểm chuẩn</a> là 17.5. Gần 1000 học sinh lớp 5 sau khi trải qua vòng sơ loại hồ sơ với bảng điểm “toàn điểm 10” đã trải qua 3 bài kiểm tra đánh giá năng lực các môn Toán, Tiếng Việt, Tiếng Anh ngày 11/6 vừa qua. Điểm tuyển sinh là tổng điểm 3 bài kiểm tra.</p>\r\n<p>Với 200 chỉ tiêu tuyển sinh, căn cứ vào điểm kiểm tra, nhà trường sẽ lấy thứ tự từ cao xuống thấp cho đến hết chỉ tiêu.</p>\r\n<p> </p>\r\n<p align=\"center\"><img class=\"news-image initial loading\" src=\"https://vcdn.24h.com.vn/upload/2-2019/images/2019-06-18/Lop-6-Truong-THPT-Chuyen-Ha-Noi-Amsterdam-lay-bao-nhieu-diem-2-1560833414-380-width665height665.jpg\" alt=\"Lớp 6 Trường THPT Chuyên Hà Nội Amsterdam lấy bao nhiêu điểm? - 1\" data-was-processed=\"true\" /></p>\r\n<p>Điểm chuẩn <a class=\"TextlinkBaiviet\" title=\"tuyển sinh lớp 6\" href=\"https://www.24h.com.vn/tuyen-sinh-lop-6-c216e4007.html\">tuyển sinh lớp 6</a> chương trình song bằng các trường và điểm tuyển sinh lớp 6 trường THPT Chuyên Hà Nội Amsterdam </p>\r\n<p>Điểm chuẩn vào lớp 6 chương trình song bằng của trường THPT Chuyên Hà Nội Amsterdam là 16.0. Trường THCS Cầu Giấy tuyển sinh lớp 6 chương trình song bằng với mức điểm 14.0.</p>\r\n<p>Trong khi đó, Trường THCS Thanh Xuân có mức điểm chuẩn 12.7; Trường THCS Trưng Vương – Hoàn Kiếm có điểm chuẩn là 11.5;</p>\r\n<p>Trường THCS Ngô Sĩ Liên có mức điểm chuẩn là 11.6; Trường THCS Nghĩa Tân – Cầu Giấy có mức điểm chuẩn thấp nhất là 11.0.</p>',29,0,0,1,'',0,'2019-06-19','/uploads/1560939960051hanoiamsterdam.jpg',32),(23,11,'Phổ điểm thi lớp 10 của Hà Nội, TPHCM: Lo ngại dạy và học môn ngoại ngữ','2019-06-20 00:00:00','Hà Nội và TPHCM được coi là hai địa phương có thế mạnh về dạy và học ngoại ngữ trên cả nước. Vậy nhưng tại kỳ thi lớp 10 vừa qua, số lượng bài thí dưới trung bình lại khá lớn.','<p>Hà Nội và TPHCM được coi là hai địa phương có thế mạnh về dạy và học ngoại ngữ trên cả nước. Theo phân tích của các thầy cô trong tổ tiếng Anh của hệ thống <a class=\"TextlinkBaiviet\" title=\"giáo dục\" href=\"https://www.24h.com.vn/giao-duc-du-hoc-c216.html\">giáo dục</a> Học mãi thì phổ điểm môn tiếng Anh của hai địa phương này nói lên khá nhiều điều.</p>\r\n<p>Vốn được xem như một môn học thế mạnh của học sinh Hà Nội nhưng môn Tiếng Anh lại chiếm tỷ lệ điểm trên trung bình thấp nhất so với 3 môn còn lại (Toán, Ngữ văn, Lịch sử). Cụ thể, chỉ có 55,78% thí sinh đạt điểm trên trung bình; có tới 37.600 thí sinh (44,22%) bị điểm dưới trung bình; điểm số có nhiều thí sinh nhất là 3 và điều này khiến dư luận khá bất ngờ. Tuy nhiên đây cũng là môn thi có số thí sinh đạt nhiều điểm 10 nhất trong 4 môn thi với 1355 thí sinh (1,59%) và chỉ có 1 thí sinh bị điểm 0.</p>\r\n<p> </p>\r\n<p align=\"center\"><img class=\"news-image initial loading\" src=\"https://cdn.24h.com.vn/upload/2-2019/images/2019-06-16/Pho-diem-thi-lop-10-cua-Ha-Noi-TPHCM-Lo-ngai-day-va-hoc-mon-ngoai-ngu-1-1560660756-289-width665height374.jpg\" alt=\"Phổ điểm thi lớp 10 của Hà Nội, TPHCM: Lo ngại dạy và học môn ngoại ngữ - 1\" data-was-processed=\"true\" /></p>\r\n<p style=\"text-align: center;\">Nguồn Học mãi</p>\r\n<p>Đây là năm đầu tiên Hà Nội đưa Tiếng Anh là môn thi bắt buộc nên chính vì thế mà sự đầu tư cho môn học này ngay từ đầu cấp THCS để đi thi chưa được chỉn chu như các môn Toán và Văn. Có lẽ từ năm sau trở đi điểm thi môn Tiếng Anh sẽ được cải thiện vì nhà trường và phụ huynh có thời gian và sự quan tâm lớn hơn vì đây là môn thi bắt buộc cùng với Toán và Văn. </p>\r\n<div id=\"ADS_159_15s\" class=\"txtCent\"> </div>\r\n<p>Và cũng vì là năm đầu tiên thi Tiếng Anh nên đề thi không hề đánh đố thí sinh; ngược lại còn khá dễ thở vì có đến 80% kiểm tra các kiến thức cơ bản; không xuất hiện nhiều các câu hỏi về từ vựng; minh chứng là xuất hiện 1355 điểm 10, hơn nửa số thí sinh đạt điểm trên trung bình. </p>\r\n<p>Tuy nhiên, với mức độ đề cơ bản như này, việc 44,22% số thí sinh có điểm dưới trung bình khiến chúng ta vô cùng lo ngại về trình độ Tiếng Anh của phần lớn thí sinh còn quá yếu, chưa đạt tới mức cơ bản. </p>\r\n<p>Đề thi được đánh giá dễ thở nhưng lại không phải là một đề thi hay. Đề thi hay là một đề thi vừa kiểm tra được các kiến thức nền tảng, vừa có sự phân hóa học sinh rõ rệt. Số lượng các câu hỏi phân loại thí sinh đếm trên đầu ngón tay, còn chưa kể sự chưa cân đối về số lượng các câu hỏi kiểm tra từ vựng – ngữ pháp. </p>\r\n<p>Nếu so sánh giữa đề Tiếng Anh của Sở GD&amp;ĐT Hà Nội với đề của Sở GD&amp;ĐT TP.HCM, chúng ta thấy một sự khác biệt về nội dung đề thi; nếu như đề của TP.HCM thiên về từ vựng thì đề của Hà Nội lại chủ yếu tập trung vào ngữ pháp. Tuy nhiên, nó sẽ hay hơn nếu chúng ta cân đối được số lượng các câu hỏi về từ vựng và ngữ pháp mà vẫn phân loại được học sinh. </p>\r\n<p>Theo Học mãi, phổ điểm môn Ngoại ngữ ở mức thấp mặc dù thành phồ Hồ Chí Minh được đánh giá là khu vực có sự đầu tư về trang thiết bị và trình độ giáo viên ngoại ngữ. Như vậy, về một mức độ nào đó, có thể nói việc ra đề năm nay đã đánh vào điểm yếu của thí sinh. </p>\r\n<p> </p>\r\n<p align=\"center\"> </p>\r\n<div>\r\n<div><img class=\"news-image loaded\" style=\"display: block; margin-left: auto; margin-right: auto;\" src=\"https://cdn.24h.com.vn/upload/2-2019/images/2019-06-16/Pho-diem-thi-lop-10-cua-Ha-Noi-TPHCM-Lo-ngai-day-va-hoc-mon-ngoai-ngu-2-1560660756-321-width665height374.jpg\" alt=\"Phổ điểm thi lớp 10 của Hà Nội, TPHCM: Lo ngại dạy và học môn ngoại ngữ - 2\" data-original=\"https://cdn.24h.com.vn/upload/2-2019/images/2019-06-16/Pho-diem-thi-lop-10-cua-Ha-Noi-TPHCM-Lo-ngai-day-va-hoc-mon-ngoai-ngu-2-1560660756-321-width665height374.jpg\" data-was-processed=\"true\" />\r\n<div id=\"24h-banner-in-image\">\r\n<div id=\"ADS_139_15s\" class=\"txtCent\"> </div>\r\n</div>\r\n</div>\r\n</div>\r\n<p style=\"text-align: center;\">Nguồn Học mãi</p>\r\n<p>Với đề thi Tiếng Anh trong kỳ thi <a class=\"TextlinkBaiviet\" title=\"tuyển sinh\" href=\"https://www.24h.com.vn/tuyen-sinh-dh-cd-c365.html\">tuyển sinh</a> vào 10 vừa qua, đề thi được đánh giá khá hay, khi không còn nặng nề về ngữ pháp, các tình huống mang tính giáo dục, và đặc biệt kiểm tra khá nhiều về từ vựng. </p>\r\n<p>Nhưng đây cũng là một bất lợi cho hầu hết các thí sinh mặc dù các từ vựng trong đề thi là các từ quen thuộc, xuất hiện trong sách giáo khoa thậm chí trong cuộc sống hàng ngày. Tâm lý của học sinh cứ nhìn thấy nhiều từ vựng là thấy sợ hãi. Bên cạnh đó, đề thi có một số dạng bài khó như phần viết lại câu, cho dạng đúng của từ, học sinh thường bỏ qua phần này hoặc nếu có làm thì cũng gặp nhiều khó khăn. </p>\r\n<p>Tiếng Anh là một môn học đặc thù khi phải kết hợp 3 yếu tố từ vựng, ngữ pháp và kỹ năng làm bài. Để làm tốt một bài thi Tiếng Anh, thí sinh phải vận dụng tốt 3 yếu tố này. Tuy nhiên thực tế cho thấy hầu hết học sinh ở Việt Nam mới chỉ có được 1-2 yếu tố thôi.</p>\r\n<p>Học Tiếng Anh là một quá trình tích lũy, chúng ta không thể học vài ngày mà giỏi được; chính vì thế một yếu tố quan trọng hơn cả là phải chăm chỉ và kiên trì. Hiện nay, học sinh có xu hướng thích học những cái gì nhanh chóng, lười tư duy và suy nghĩ nhưng chúng đâu có biết rằng để học tốt được Tiếng Anh và hiểu đúng bản chất của nó thì phải học bằng ngôn ngữ Tiếng Anh “thật” , không có một phương pháp hay mẹo nào có thể giúp chúng trở nên tốt hơn. </p>\r\n<p>Qua phổ điểm cho thấy đây là một tín hiệu đáng buồn cho những người học ngoại ngữ trong khi Tiếng Anh là một công cụ có thể giúp chúng gia tăng cơ hội phát triển trong tương lai. Học sinh cần phải chủ động và chăm chỉ hơn trong việc học ngoại ngữ của mình.</p>',29,0,0,1,'',0,'2019-06-19','/uploads/1560940110086phodiem.jpg',32),(24,11,'Những trường THPT nào ở Hà Nội còn chỉ tiêu, xét tuyển nguyện vọng 3','2019-06-20 00:00:00','Theo thông tin từ Sở GD&ĐT, trong số 112 trường trung học phổ thông (THPT) công lập không chuyên trên địa bàn thành phố Hà Nội có tuyển sinh lớp 10 năm học 2019-2020, có 3 trường tuyển học sinh đăng ký nguyện vọng 3.','<p>Đây là cơ hội học tập cho học sinh không đủ điểm trúng tuyển theo nguyện vọng 1 và nguyện vọng 2 vào các trường trung học phổ thông mà các em đã đăng ký trước đó. </p>\r\n<p>Cụ thể, trong trường hợp học sinh không đủ điểm trúng tuyển theo nguyện vọng 1 và nguyện vọng 2, các em có thể đăng ký dự tuyển nguyện vọng 3, nếu bảo đảm hai điều kiện: Thuộc địa bàn <a class=\"TextlinkBaiviet\" title=\"tuyển sinh\" href=\"https://www.24h.com.vn/tuyen-sinh-dh-cd-c365.html\">tuyển sinh</a>của trường và có mức điểm xét tuyển theo quy định của Sở <a class=\"TextlinkBaiviet\" title=\"Giáo dục\" href=\"https://www.24h.com.vn/giao-duc-du-hoc-c216.html\">Giáo dục</a> và Đào tạo Hà Nội. </p>\r\n<p>Đối tượng tuyển sinh nguyện vọng 3 của các trường cụ thể như sau: Trường THPT Minh Quang tuyển nguyện vọng 3 các học sinh thuộc khu vực tuyển sinh số 1, 2, 3, 5, 7, 8, 9, 10 có tổng điểm xét tuyển từ 18,0 trở lên; Trường THPT Mỹ Đức C tuyển nguyện vọng 3 các học sinh thuộc khu vực tuyển sinh số 2, 3, 5, 6, 12 có tổng điểm xét tuyển từ 18,0 trở lên; Trường THPT Đại Cường tuyển nguyện vọng 3 các học sinh thuộc khu vực tuyển sinh số 4, 5, 6, 10, 11, 12 có tổng điểm xét tuyển từ 18,0 trở lên.</p>\r\n<p align=\"center\"><img class=\"news-image initial loading\" src=\"https://vcdn.24h.com.vn/upload/2-2019/images/2019-06-18/Nhung-truong-THPT-nao-o-Ha-Noi-con-chi-tieu-xet-tuyen-nguyen-vong-3-0-1560822196-406-width665height449.jpg\" alt=\"Những trường THPT nào ở Hà Nội còn chỉ tiêu, xét tuyển nguyện vọng 3 - 1\" data-was-processed=\"true\" /></p>\r\n<p>Sở Giáo dục và Đào tạo Hà Nội lưu ý những học sinh đủ điểm xét tuyển nguyện vọng 3 viết đơn đăng ký dự tuyển vào trường (theo mẫu đơn nhà trường cấp cho học sinh) kèm bản photo Phiếu báo kết quả tuyển sinh vào 10 THPT năm học 2019-2020. Thời gian nộp đơn từ 8h ngày 20/6 đến 17h ngày 22/6 tại trường tuyển nguyện vọng 3.</p>\r\n<p>Từ 8h đến 10h ngày 23/6, Hội đồng tuyển sinh nhà trường họp xét duyệt đơn dự tuyển nguyện vọng 3 theo điểm xét tuyển từ cao xuống thấp. 14h cùng ngày, trường nộp danh sách đề nghị trúng tuyển nguyện vọng 3 về Sở. Kết quả trúng tuyển nguyện vọng 3 sẽ được thông báo vào 14h ngày 24/6. Học sinh trúng tuyển nộp hồ sơ vào trường từ ngày 1 đến ngày 15-7.</p>\r\n<p>Từ ngày 17 đến 27/6, thí sinh có thể nộp đơn phúc khảo bài thi tại nơi đăng ký dự thi. Học sinh nhận Phiếu báo kết quả thi từ ngày 18 đến 20/6 và xác nhận nhập học vào trường THPT trúng tuyển theo hình thức trực tuyến hoặc trực tiếp từ ngày 20 đến 22/6.</p>',29,0,0,1,'',0,'2019-06-19','/uploads/1560940453530tuyensin.jpg',32),(25,11,'Thi vào lớp 10 ở Hà Nội: Liệu có \'cơn mưa\' điểm 10?','2019-06-20 00:00:00','Nhận định đề thi môn Lịch sử vào lớp 10 hệ THPT không chuyên ở Hà Nội, các thầy cô dạy Lịch sử cho rằng, đề đạt được yêu cầu về trình độ học sinh lớp 9. Song độ phân hóa chưa cao vì kiến thức nằm ở mức cơ bản ( biết, hiểu vận dụng thấp)','<p>Nhận định về đề thi Lịch sử vào lớp 10 tại Hà Nội vừa qua, Cô Nguyễn Thị Huyền Thảo - giáo viên Lịch sử trường THPT chuyên Trần Đại Nghĩa, TP.HCM  cho rằng, đề đạt được yêu cầu về trình độ học sinh lớp 9. Song độ phân hóa chưa cao, vì kiến thức chỉ nằm ở mức cơ bản ( biết, hiểu vận dụng thấp).</p>\r\n<p>Cô Thảo cũng cho rằng, cần có 1 hay 2 câu khó để tránh những điểm 10 quá nhiều: “ Với đề vừa rồi học sinh lớp 9 đạt điểm 10 không khó”- cô Thảo nêu quan điểm.</p>\r\n<p>Cô Thảo cũng cho biết, đề thi cũng bao quát toàn bộ chương trình lịch sử lớp 9. Độ bao quát tốt và trải đều xuyên suốt chương trình học và các vấn đề trọng tâm. Ở trình độ lớp 9, đề ra như vậy là tốt vì đề đã ra trên nhận thức của lớp 9.</p>\r\n<p align=\"center\"><img class=\"news-image initial loading\" src=\"https://cdn.24h.com.vn/upload/2-2019/images/2019-06-06/Thi-vao-lop-10-o-Ha-Noi-Lieu-co-con-mua-diem-10-0-1559787590-493-width650height439.jpg\" alt=\"Thi vào lớp 10 ở Hà Nội: Liệu có &amp;#39;cơn mưa&amp;#39; điểm 10? - 1\" data-was-processed=\"true\" /></p>\r\n<p>Cô Huyền Thảo cũng đồng ý quan điểm vẫn phải có kì thi vào lớp 10 như hiện nay dù thực tế,  áp lực thi vào lớp 10 công lập hiện nay đang rất lớn.</p>\r\n<p>“Đây cũng là một tất yếu khách quan của\" thị trường giáo dục\" khi dân số tăng nhanh mà trường học tăng chậm lại có hệ thống dân lập, tư thục, quốc tế nên để vào trường công đôi khi các em lại phải nỗ lực hơn để có một chỗ ngồi ở trường công lập với giá học phí rẻ. Còn những gia đình có điều kiện và thoải mái không bị áp lực lựa chọn mô hình trường tư thục, dân lập...</p>\r\n<div id=\"ADS_159_15s\" class=\"txtCent\"> </div>\r\n<p align=\"center\"><img class=\"news-image loaded\" src=\"https://cdn.24h.com.vn/upload/2-2019/images/2019-06-06/Thi-vao-lop-10-o-Ha-Noi-Lieu-co-con-mua-diem-10-1-1559787590-404-width520height750.jpg\" alt=\"Thi vào lớp 10 ở Hà Nội: Liệu có &amp;#39;cơn mưa&amp;#39; điểm 10? - 2\" data-original=\"https://cdn.24h.com.vn/upload/2-2019/images/2019-06-06/Thi-vao-lop-10-o-Ha-Noi-Lieu-co-con-mua-diem-10-1-1559787590-404-width520height750.jpg\" data-was-processed=\"true\" /></p>\r\n<p> </p>\r\n<p align=\"center\"><img class=\"news-image loaded\" src=\"https://cdn.24h.com.vn/upload/2-2019/images/2019-06-06/Thi-vao-lop-10-o-Ha-Noi-Lieu-co-con-mua-diem-10-2-1559787590-446-width512height713.jpg\" alt=\"Thi vào lớp 10 ở Hà Nội: Liệu có &amp;#39;cơn mưa&amp;#39; điểm 10? - 3\" data-original=\"https://cdn.24h.com.vn/upload/2-2019/images/2019-06-06/Thi-vao-lop-10-o-Ha-Noi-Lieu-co-con-mua-diem-10-2-1559787590-446-width512height713.jpg\" data-was-processed=\"true\" /></p>\r\n<p align=\"center\"><img class=\"news-image loaded\" src=\"https://cdn.24h.com.vn/upload/2-2019/images/2019-06-06/Thi-vao-lop-10-o-Ha-Noi-Lieu-co-con-mua-diem-10-3-1559787590-391-width448height628.jpg\" alt=\"Thi vào lớp 10 ở Hà Nội: Liệu có &amp;#39;cơn mưa&amp;#39; điểm 10? - 4\" data-original=\"https://cdn.24h.com.vn/upload/2-2019/images/2019-06-06/Thi-vao-lop-10-o-Ha-Noi-Lieu-co-con-mua-diem-10-3-1559787590-391-width448height628.jpg\" data-was-processed=\"true\" /></p>\r\n<p align=\"center\"><img class=\"news-image loaded\" src=\"https://cdn.24h.com.vn/upload/2-2019/images/2019-06-06/Thi-vao-lop-10-o-Ha-Noi-Lieu-co-con-mua-diem-10-4-1559787590-116-width512height723.jpg\" alt=\"Thi vào lớp 10 ở Hà Nội: Liệu có &amp;#39;cơn mưa&amp;#39; điểm 10? - 5\" data-original=\"https://cdn.24h.com.vn/upload/2-2019/images/2019-06-06/Thi-vao-lop-10-o-Ha-Noi-Lieu-co-con-mua-diem-10-4-1559787590-116-width512height723.jpg\" data-was-processed=\"true\" /></p>\r\n<p>Cần có ngân hàng câu hỏi đảm bảo tính khoa học, chính xác</p>\r\n<p>Trước đó, Sở GD&amp;ĐT Hà Nội công bố 24 bộ đề ôn tập môn Sử vào lớp 10 được đưa lên mạng xã hội trực tuyến, theo phản ánh của một giáo viên nhiều năm dạy Sử tại Hà Nội, khi cùng học sinh làm đề ôn tập trên mạng, người này phát hiện nhiều câu trong bộ đề đưa ra đáp án không chính xác.</p>\r\n<p>Ví dụ, câu số 11 trong một đề hỏi: “Trong phong trào dân chủ 1936-1939, Đảng ta đã dùng phương pháp đấu tranh cơ bản nào?”.</p>\r\n<p>Với câu hỏi này, đáp án phải là “hợp pháp và nửa hợp pháp”, chứ không phải “bạo động vũ trang” như nêu trong đề. Bởi vì, thời điểm này, không có đấu tranh vũ trang. Điều này được minh chứng rõ trong sách giáo khoa lịch sử lớp 9 trang 77, 78.</p>\r\n<p>Giáo viên trên cũng khẳng định có ít nhất 4 câu trong các bộ đề có đáp án chưa chính xác.</p>\r\n<p>Ngay sau khi được phản ánh một số câu hỏi trong bộ 24 đề ôn tập môn Lịch sử lớp 9 dành cho học sinh tại Hà Nội có đáp án không chính xác, Sở GD&amp;ĐT Hà Nội đã rà soát, chỉnh sửa lại.</p>\r\n<p>Cô Nguyễn Thị Huyền Thảo - giáo viên Lịch sử trường THPT chuyên Trần Đại Nghĩa, TP.HCM  cho rằng, hiện nay, phần học trắc nghiệm đang là xu hướng và hướng đến khả năng tự học thì những tài liệu dạng này hữu ích cho học sinh cũng như giáo viên có thêm một nguồn tài liệu học tập.</p>\r\n<p>Tuy nhiên, theo cô Thảo,  cần phải lưu ý việc lựa chọn tài liệu online vì trên mạng hiện nay rất nhiều và mức độ tin cậy cũng đang bị bỏ ngỏ nên cũng cần có sự lưu tâm của cấp quản lý về chuyên môn và sự phản ánh của giáo viên trong việc chọn nguồn ôn tập cho các em.</p>\r\n<p>Sở GD&amp;ĐT nên để một kênh trực tuyến như hiện tại để các em có thể vừa học, vừa ôn và làm quen với việc thi tốt nghiệp.</p>\r\n<p>“Cần tăng thêm nguồn câu hỏi ở các mức độ khác nhau...để các em đo được năng lực học của mình qua các thang bậc đo lường theo các cấp độ. Nếu có tài liệu ôn tập tốt, học sinh có thể tự học, tự ôn. Cách làm là tốt. Nhưng nên có những đáp án và câu hỏi đảm bảo tính khoa học, chính xác sẽ tốt hơn cho các em”- cô Thảo nhấn mạnh.</p>',29,0,0,1,'',0,'2019-06-19','/uploads/1560940880918lop10.jpg',32),(26,12,'Cơ hội nhận học bổng du học Mỹ đến 15.000USD cho học viên VUS','2019-06-20 00:00:00','Tại hệ thống Anh văn Hội Việt Mỹ VUS, học viên chỉ cần chứng chỉ hoàn thành cấp độ IELTS 5.0 trở lên do VUS cấp là đủ điều kiện chấp nhận nhập học tại các trường cao đẳng và đại học Mỹ.','<p>Là một hệ thống Anh ngữ lâu đời và uy tín tại Việt Nam, Anh văn Hội Việt Mỹ VUS không ngừng củng cố và xây dựng chất lượng đào tạo cùng các chương trình học tiếng Anh hàng đầu. Qua đó, hệ thống cung cấp cho nhiều thế hệ người Việt một nền tảng Anh ngữ vững chắc để sẵn sàng chinh phục mục tiêu học tập, công việc và cuộc sống.</p>\r\n<p>Chất lượng giảng dạy của VUS được không chỉ phụ huynh học viên mà còn được các đối tác quốc tế công nhận. Hiện tại, đang có 65.000 học viên thường xuyên học tại 33 cơ sở VUS trên cả nước mỗi năm, và VUS đang giữ Kỷ lục Việt Nam về số lượng học viên nhận chứng chỉ Anh ngữ quốc tế nhiều nhất. </p>\r\n<p align=\"center\"><img class=\"news-image initial loading\" src=\"https://cdn.24h.com.vn/upload/2-2019/images/2019-06-17/Co-hoi-nhan-hoc-bong-du-hoc-My-den-15000usd-cho-hoc-vien-VUS-giao-duc--1-1560763052-343-width660height440.jpg\" alt=\"Cơ hội nhận học bổng du học Mỹ đến 15.000USD cho học viên VUS - 1\" data-was-processed=\"true\" /></p>\r\n<p>CUNY là đối tác chiến lược lâu dài của hệ thống VUS.</p>\r\n<p>Bằng việc hợp tác đào tạo với đối tác quốc tế, VUS mong muốn mang đến cho người học chương trình Anh ngữ chất lượng hàng đầu với mức học phí phù hợp. Từ đó, người học hoàn toàn có thể học tại địa phương nhưng vẫn có thể trải nghiệm và tận hưởng chất lượng quốc tế đáng tin cậy. Những bước đi và nỗ lực trên đã được tổ chức kiểm định và đánh giá NEAS công nhận VUS đạt chuẩn quốc tế về chất lượng đào tạo và dịch vụ.</p>\r\n<p align=\"center\"><img class=\"news-image loaded\" src=\"https://cdn.24h.com.vn/upload/2-2019/images/2019-06-17/Co-hoi-nhan-hoc-bong-du-hoc-My-den-15000usd-cho-hoc-vien-VUS-giao-duc--2--1560763052-238-width660height433.jpg\" alt=\"Cơ hội nhận học bổng du học Mỹ đến 15.000USD cho học viên VUS - 2\" data-original=\"https://cdn.24h.com.vn/upload/2-2019/images/2019-06-17/Co-hoi-nhan-hoc-bong-du-hoc-My-den-15000usd-cho-hoc-vien-VUS-giao-duc--2--1560763052-238-width660height433.jpg\" data-was-processed=\"true\" /></p>\r\n<p>Tất cả các cơ sở VUS trên toàn quốc đạt chuẩn quốc tế chứng nhận bởi tổ chức NEAS.</p>\r\n<p>Tất cả những điều trên trở thành đòn bẩy, tạo động lực cho VUS không ngừng hoàn thiện mang đến những đặc quyền tốt cho nhiều gia đình Việt Nam. Trải qua thời gian thương thảo và thống nhất với các đối tác giáo dục từ Mỹ, VUS ra mắt chương trình Liên kết quốc tế VUS International Transfer Program nhằm giúp học viên VUS có cơ hội tốt nhất để trải nghiệm nền giáo dục Mỹ chất lượng cao.</p>\r\n<p align=\"center\"><img class=\"news-image loaded\" src=\"https://cdn.24h.com.vn/upload/2-2019/images/2019-06-17/Co-hoi-nhan-hoc-bong-du-hoc-My-den-15000usd-cho-hoc-vien-VUS-giao-duc--1--1560763052-999-width660height440.jpg\" alt=\"Cơ hội nhận học bổng du học Mỹ đến 15.000USD cho học viên VUS - 3\" data-original=\"https://cdn.24h.com.vn/upload/2-2019/images/2019-06-17/Co-hoi-nhan-hoc-bong-du-hoc-My-den-15000usd-cho-hoc-vien-VUS-giao-duc--1--1560763052-999-width660height440.jpg\" data-was-processed=\"true\" /></p>\r\n<p>Chương trình Liên kết quốc tế từ VUS hỗ trợ học viên tiếp nối lộ trình học chính quy tại các trường uy tín trên thế giới.</p>\r\n<p>Đây đồng thời là một minh chứng cho chất lượng đào tạo cũng như chứng chỉ cấp bởi Anh văn Hội Việt Mỹ VUS được công nhận ở tầm quốc tế. Theo đó, chỉ cần học viên nhận được chứng chỉ hoàn thành chương trình Luyện thi IELTS từ 5.0 trở lên do VUS cấp là hoàn toàn đủ điều kiện được nhận nhập học tại các trường cao đẳng và đại học của Mỹ.</p>\r\n<p>Các trường học cao đẳng và đại học Mỹ nằm trong danh sách liên kết với VUS là những trường học danh tiếng với chất lượng đào tạo tốt, nằm tại các tiểu bang lớn của Hoa Kỳ như New York, California, Washington, Texas,... Một số trường có thể kể đến như Texas Wesleyan University (Texas), Monroe College (New York), Lower Columbia College (Washington), UCSC Silicon Valley Extension, Palomar College, Orange Coast College, Ohlone College (California), Mt. Hood Community College, Southwestern Oregon Community College (Oregon)... Việc theo học tại các trường này, học viên vừa có đa dạng lựa chọn ngành học vừa có cơ hội tiếp xúc với môi trường văn hóa Mỹ thân thiện.</p>\r\n<p>Hiện tại, một số trường như: Monroe College (New York) và Texas Wesleyan University (Texas) có chính sách xét học bổng cho du học sinh, giúp cho học viên VUS có thêm sự hỗ trợ về tài chính với trị giá học bổng đến 15.000 USD. Học viên và phụ huynh được tiếp sức trên hành trình chạm tay vào nền giáo dục hiện đại và chất lượng xứ Hoa Kỳ.</p>\r\n<p>Chưa dừng lại ở đó, VUS tiếp tục mở rộng mạng lưới đối tác giáo dục rộng khắp trên thế giới bằng thương thảo và ký kết với không chỉ trường cao đẳng - đại học mà còn hệ thống những trường trung học phổ thông. Trong tương lai gần, bên cạnh Mỹ, phụ huynh và học viên VUS còn có thể lựa chọn nền giáo dục phát triển của các nước Canada, Úc và New Zealand. Qua đó, mang đến nhiều lựa chọn phù hợp với nhu cầu của nhiều gia đình và học viên tại VUS trên hành trình chinh phục mục tiêu du học.</p>',29,0,0,1,'',0,'2019-06-19','/uploads/1560941621427vus.jpg',32),(27,12,'Các chuyên gia chia sẻ về bộ sách PoMath – Toán tư duy cho trẻ em','2019-06-20 00:00:00','Sự thoải mái cuốn trẻ vào những bài học một cách tự nhiên và không gò ép, các em được chơi mà học, học mà chơi. Đó chính là những trải nghiệm thú vị mà bộ sách “PoMath – Toán tư duy cho trẻ em” mang lại cho các bé khi học bài.','<p>Bộ sách “<a href=\"https://tinyurl.com/y46jqnha\" target=\"_blank\" rel=\"nofollow noopener\">PoMath - Toán tư duy cho trẻ em</a>” được T.S Chu Cẩm Thơ cùng những cộng sự của mình dành 10 năm nghiên cứu và biên soạn. Với phương pháp học mang đến cho trẻ những trải nghiệm nền tảng về môn Toán, bộ sách hiện đang được nhiều bậc phụ huynh sử dụng để giúp con mình vượt qua “cuộc chiến” với môn học này.</p>\r\n<p>Bé sẽ trải nghiệm toán tư duy Pomath như thế nào? Đầu tiên các bé sẽ được khởi động trí não của mình bằng các trò chơi là mô hình toán học, đây là bước tiếp cận để bé có thể cảm nhận toán học trực tiếp thông qua các giác quan của mình, bước này sẽ giúp bé ghi nhớ sâu và hình thành tư duy toán học logic hơn. Sau đó, bé sẽ tiếp cận kiến thức thông qua các bài học thực hành và phát triển sáng tạo nó. Sau từng bài học như vậy sẽ giúp con tìm kiếm được sự hứng thú và tự rút ra phương pháp học toán phù hợp nhất với con.</p>\r\n<p align=\"center\"><img class=\"news-image initial loading\" src=\"https://vcdn.24h.com.vn/upload/2-2019/images/2019-06-05/Cac-chuyen-gia-chia-se-ve-bo-sach-PoMath--Toan-tu-duy-cho-tre-em-suc-khoe--1-1559721431-20-width660height439.jpg\" alt=\"Các chuyên gia chia sẻ về bộ sách PoMath – Toán tư duy cho trẻ em - 1\" data-was-processed=\"true\" /></p>\r\n<p>PoMath - Toán tư duy cho trẻ em là bộ sách yêu thích của mẹ “thần đồng” Đỗ Nhật Nam</p>\r\n<p>Không chỉ nhận được sự yêu thích từ các bậc phụ huynh, phương pháp học từ bộ sách PoMath - Toán tư duy cho trẻ em còn được các chuyên gia đánh giá cao.</p>\r\n<p align=\"center\"><img class=\"news-image loaded\" src=\"https://vcdn.24h.com.vn/upload/2-2019/images/2019-06-05/Cac-chuyen-gia-chia-se-ve-bo-sach-PoMath--Toan-tu-duy-cho-tre-em-suc-khoe--1--1559721431-586-width660height392.jpg\" alt=\"Các chuyên gia chia sẻ về bộ sách PoMath – Toán tư duy cho trẻ em - 2\" data-original=\"https://vcdn.24h.com.vn/upload/2-2019/images/2019-06-05/Cac-chuyen-gia-chia-se-ve-bo-sach-PoMath--Toan-tu-duy-cho-tre-em-suc-khoe--1--1559721431-586-width660height392.jpg\" data-was-processed=\"true\" /></p>\r\n<p>Bộ sách được nhiều bậc phụ huynh sử dụng cho con mình</p>\r\n<p>Theo PGS.TS Vũ Dương Thụy: “Hiện nay, một trong những nhu cầu rất cơ bản của đổi mới giáo dục ở Việt Nam là chúng ta là tạo ra năng lực cho trẻ em, PoMath đã đáp ứng được điều đó. Với tất cả những hoạt động rất hấp dẫn, bám sát vào chương trình của nhà trường và đồng thời đưa ra những hoạt động hợp lý để nhằm rèn luyện cho các em việc không sợ toán mà còn rất thích học Toán.”</p>\r\n<p align=\"center\"><img class=\"news-image loaded\" src=\"https://vcdn.24h.com.vn/upload/2-2019/images/2019-06-05/Cac-chuyen-gia-chia-se-ve-bo-sach-PoMath--Toan-tu-duy-cho-tre-em-suc-khoe--2-1559721431-650-width660height631.jpg\" alt=\"Các chuyên gia chia sẻ về bộ sách PoMath – Toán tư duy cho trẻ em - 3\" data-original=\"https://vcdn.24h.com.vn/upload/2-2019/images/2019-06-05/Cac-chuyen-gia-chia-se-ve-bo-sach-PoMath--Toan-tu-duy-cho-tre-em-suc-khoe--2-1559721431-650-width660height631.jpg\" data-was-processed=\"true\" /></p>\r\n<p>Bộ sách “PoMath – Toán tư duy cho trẻ em”</p>\r\n<p><a href=\"https://tinyurl.com/y46jqnha\" target=\"_blank\" rel=\"nofollow noopener\">PoMath – Toán tư duy cho trẻ em</a> gồm có 6 cuốn dành cho trẻ từ 4 - 6 tuổi với nhiều chủ đề đa dạng. Bộ sách hướng các em học sinh đến khả năng quan sát, suy nghĩ về đời sống xung quanh, làm thế nào để khiến cho mọi điều trở nên thú vị nhất dưới con mắt của một đứa trẻ đang khám phá về Toán.</p>\r\n<p>ThS. Đào Thu Hiền - Viện trưởng viện Nghiên cứu Khoa học Công nghệ Văn hóa &amp; Giáo dục cho biết: “PoMath dùng phương pháp trải nghiệm để hướng dẫn cho trẻ tiếp cận với môn Toán dễ dàng theo mô hình mà trên thế giới đang rất phát triển - Mô hình học trải nghiệm vì nó có tác động rất tốt cho trẻ em trong việc tư duy giải quyết vấn đề. Đó là ứng dụng vô cùng tiên tiến của POMath cho trẻ thông minh nhờ môn Toán.\"</p>\r\n<p align=\"center\"><img class=\"news-image loaded\" src=\"https://vcdn.24h.com.vn/upload/2-2019/images/2019-06-05/Cac-chuyen-gia-chia-se-ve-bo-sach-PoMath--Toan-tu-duy-cho-tre-em-suc-khoe--2--1559721431-722-width660height440.jpg\" alt=\"Các chuyên gia chia sẻ về bộ sách PoMath – Toán tư duy cho trẻ em - 4\" data-original=\"https://vcdn.24h.com.vn/upload/2-2019/images/2019-06-05/Cac-chuyen-gia-chia-se-ve-bo-sach-PoMath--Toan-tu-duy-cho-tre-em-suc-khoe--2--1559721431-722-width660height440.jpg\" data-was-processed=\"true\" /></p>\r\n<p>Giáo sư Ngô Bảo Châu đánh giá cao phương pháp học của Bộ sách “PoMath – Toán tư duy cho trẻ em”</p>\r\n<p>Bộ sách đã được thực nghiệm trên 12.000 trẻ và áp dụng trên 30 trường tiểu học, mầm non của Hà Nội. PoMath đã được chứng minh là phương pháp học giúp trẻ không bị áp lực, không nhồi nhét và mang lại hiệu quả cao.</p>\r\n<p> Bà Lê Thu Hường – Hiệu trưởng trường Tiểu học Đô thị Sài Đồng chia sẻ: “Học Toán thì phải hướng tới một tư duy linh hoạt và một phương pháp sử lích các tình huống trong cuộc sống và đặc biệt là toán thì rất gần gũi với cuộc sống. Vì vậy mà các con cần có một tư duy linh hoạt hơn. Qua quá trình quan sát các con học tập thì chúng tôi nhận ra điều đó và nghĩ đến việc cần cho các con tăng cường các hoạt động trải nghiệm POMath.”</p>\r\n<p align=\"center\"><img class=\"news-image loaded\" src=\"https://vcdn.24h.com.vn/upload/2-2019/images/2019-06-05/Cac-chuyen-gia-chia-se-ve-bo-sach-PoMath--Toan-tu-duy-cho-tre-em-suc-khoe--3--1559721431-693-width660height440.jpg\" alt=\"Các chuyên gia chia sẻ về bộ sách PoMath – Toán tư duy cho trẻ em - 5\" data-original=\"https://vcdn.24h.com.vn/upload/2-2019/images/2019-06-05/Cac-chuyen-gia-chia-se-ve-bo-sach-PoMath--Toan-tu-duy-cho-tre-em-suc-khoe--3--1559721431-693-width660height440.jpg\" data-was-processed=\"true\" /></p>\r\n<p>Bộ học liệu tổng hợp đi kèm sách giúp phát triển toàn diện năng lực toán học cho trẻ</p>\r\n<p>Kết hợp với hình ảnh đẹp mắt và bộ học liệu, bộ sách PoMath giúp tăng trí tưởng tượng cho trẻ tha hồ sáng tạo vừa chơi vừa học. Đặc biệt hơn, mỗi phụ huynh đều có thể trở thành người thầy đồng hành cùng khai phá năng lực toán học tư duy của con trẻ.</p>\r\n<p>Tìm hiểu thêm thông tin bộ sách <a href=\"https://tinyurl.com/y46jqnha\" target=\"_blank\" rel=\"nofollow noopener\">Tại đây</a></p>',29,0,0,1,'',0,'2019-06-19','/uploads/1560941899744pomath.jpg',32),(28,12,'Những con số ấn tượng của sân chơi học thuật lớn nhất mùa hè Vus Summer Stars','2019-06-20 00:00:00','Summer Stars - sân chơi học thuật lớn nhất mùa hè đã trở lại với nội dung thi và giải thưởng vô cùng hấp dẫn. Nối tiếp thành công trong các năm qua, VUS mong muốn mang đến cho các học viên một sân chơi thú vị và bổ ích','<p>VUS hiện là hệ thống Anh ngữ tại Việt Nam dẫn đầu trong việc áp dụng công nghệ hữu hiệu trong việc giảng dạy của mình thông qua những ứng dụng hiện đại như Cổng thông tin liên lạc hiện đại VUS App, phần mềm iTalk hay phần mềm tương tác từ Mỹ Imagine Learning xây dựng lộ trình học cho riêng con... Phụ huynh và học viên VUS dễ dàng truy cập và cập nhật mọi lúc mọi nơi những nội dung học tập hữu ích. Đây cũng là một món quà giúp phụ huynh chủ động đồng hành cùng con trên hành trình học tập phía trước.</p>\r\n<p> </p>\r\n<p>Với cuộc thi Summer Stars năm nay, với sự hỗ trợ của Student Portal, Phụ huynh dễ dàng ôn luyện cùng con tại nhà để giúp con tăng thêm tự tin trước sân chơi lớn, đồng thời nhanh chóng biết được kết quả. Tất cả đã sẵn sàng để các bạn toả sáng và thể hiện tài năng, bản lĩnh tại Summer Stars, sân chơi học thuật lớn nhất mùa hè.</p>\r\n<p><strong>Hãy cùng điểm qua những con số nổi bật của Summer Stars trong những năm qua và cùng chào đón Summer Stars 2019 nhé!</strong></p>\r\n<p> </p>\r\n<p align=\"center\"><img class=\"news-image loaded\" src=\"https://cdn.24h.com.vn/upload/2-2019/images/2019-06-12/Nhung-con-so-an-tuong-cua-san-choi-hoc-thuat-lon-nhat-mua-he-Vus-Summer-Stars-giao-duc--2--1560316366-811-width550height1928.jpg\" alt=\"Những con số ấn tượng của sân chơi học thuật lớn nhất mùa hè Vus Summer Stars - 2\" data-original=\"https://cdn.24h.com.vn/upload/2-2019/images/2019-06-12/Nhung-con-so-an-tuong-cua-san-choi-hoc-thuat-lon-nhat-mua-he-Vus-Summer-Stars-giao-duc--2--1560316366-811-width550height1928.jpg\" data-was-processed=\"true\" /></p>\r\n<p> </p>\r\n<p>Summer Stars 2019 là hoạt động ngoại khóa nằm trong chương trình hè Super Summer của VUS nhằm mang đến nhiều hoạt động vui học trong dịp hè cho học viên. Năm nay là năm đầu tiên Summer Stars được tổ chức tại Hà Nội. Chương trình học Super Summer English với tiêu chí \"Học Hè thật vui, Chơi thật bổ ích\", các học viên sẽ được trải nghiệm trong môi trường 100% tiếng Anh với nhiều hoạt động bổ ích.</p>\r\n<p><strong>Phụ huynh có thể liên hệ số (028) 7308 3333 để tìm hiểu về khóa học hè cũng như được tư vấn về các khóa học khác tại VUS.</strong></p>',29,0,0,1,'',0,'2019-06-19','/uploads/1560942052227vussummer.jpg',32),(29,12,'Tham gia trại hè trẻ có thực sự được trải nghiệm mùa hè không sách vở?','2019-06-20 00:00:00','Hè đến, thay vì đè nặng thêm áp lực sách vở học hành, các bậc phụ huynh đã tìm cho con em mình khóa trại hè với nhiều hoạt động trải nghiệm, vui chơi bổ ích, lý thú mà các con vẫn được tiếp cận kiến thức mới','<p>Với slogan 5S: Sáng tạo, say mê, sẻ chia, sung sức, sẵn sàng, trại hè bán trú/nội trú Avatar Land sẽ giúp học sinh được rời xa sách vở, thoát khỏi những bức tường bê-tông bí bách với các thiết bị điện tử để trở thành nhà du hành trên hành trình khám phá vùng đất Avatar Land kỳ diệu.</p>\r\n<p><strong>Trại hè của trải nghiệm</strong></p>\r\n<p>Được hóa thân thành những nhân vật trong bộ phim yêu thích, được trải nghiệm các hoạt động đóng vai, được thỏa sức sáng tạo với những dự án khoa học là niềm yêu thích của các bạn nhỏ. Với hành trình 8 tuần xuyên suốt là cuộc phiêu lưu, khám phá vùng đất Avatar diệu kỳ, nhờ sự kết hợp khéo léo giữa 4 yếu tố: Kỹ năng thế kỷ 21 - Thể chất - Nghệ thuật - Dã ngoại trải nghiệm. Trại hè bán trú 2019 Avatar Land không chỉ mang đến cho trẻ sức khỏe tinh thần mà còn giúp trẻ rèn luyện thể chất, rèn luyện kỹ năng sống. Với rất nhiều hoạt động trải nghiệm STEAM thú vị như: chế tạo mô hình nhà trên cây, chế tạo cối xay gió, chế tạo máy phát điện, chế tạo ô tô chạy bằng hơi, chế tạo Robot… cùng các hoạt động nghệ thuật, sáng tạo như: vẽ, múa dân gian, nhảy K-Pop, ảo thuật..., mỗi buổi học sẽ không còn sự nhàm chán mà thay vào đó là sự hào hứng và say mê khi trẻ sẽ được mở mang tầm hiểu biết về thế giới xung quanh, được nâng cao kiến thức về kỹ năng sống và đặc biệt là phát triển được hết thế mạnh của bản thân.</p>\r\n<p align=\"center\"><img class=\"news-image loaded\" src=\"https://cdn.24h.com.vn/upload/2-2019/images/2019-05-20/Tham-gia-trai-he-tre-co-thuc-su-duoc-trai-nghiem-mua-he-khong-sach-vo-giao-duc--1--1558339782-939-width660height440.jpg\" alt=\"Tham gia trại hè trẻ có thực sự được trải nghiệm mùa hè không sách vở? - 2\" data-original=\"https://cdn.24h.com.vn/upload/2-2019/images/2019-05-20/Tham-gia-trai-he-tre-co-thuc-su-duoc-trai-nghiem-mua-he-khong-sach-vo-giao-duc--1--1558339782-939-width660height440.jpg\" data-was-processed=\"true\" /></p>\r\n<p>Học sinh hứng thú với các thí nghiệm khoa học</p>\r\n<p>Tham dự khoá trại hè bán trú/nội trú Avatar Land, học sinh sẽ được thoả trí tưởng tượng để biến mình thành những cư dân Na’vi đi khám phá vùng đất Avatar, cùng tìm tòi cách để khai phá vùng đất trở nên trù phú, giảu mạnh và cùng trở thành chiến binh để bảo vệ Avatar khỏi quân xâm lược. Ngoài việc học tại trung tâm và trường, các em còn được đi dã ngoại tại các địa điểm ngoài Hà Nội như Trạm đa dạng sinh học Mê Linh, công viên trải nghiệm giáo dục Pandora rộng 20.000 với diện tích hơn 2 hecta với sự đầu tư hoành tráng vào cơ sở vật chất và các hoạt động STEM với hệ xưởng Gốm, xưởng Mộc, xưởng May, xưởng Sáng tạo, xưởng Sáng chế.</p>\r\n<p><strong>Mang lại sự yên tâm cho các bậc phụ huynh</strong></p>\r\n<p>Một khóa trại hè lý thú và thật sự bổ ích đang đón chờ các bạn nhỏ. Bố mẹ sẽ được thật sự yên tâm khi con được vui chơi, được trải nghiệm và tiếp cận kiến thức mới một cách an toàn, cảm nhận những thay đổi tích cực của con sau từng ngày trải nghiệm. Đến với Cara, bố mẹ sẽ được các chuyên gia tư vấn cách làm bạn cùng con, cùng con trau dồi các kỹ năng sống và chuẩn bị co con tâm thế và tinh thần tốt để sẵn sàng bước vào năm học mới.</p>\r\n<p>Hãy để con có một mùa hè thật đúng nghĩa với những trải nghiệm có một không hai tại Khóa hè bán trú 2019 Avatar Land!</p>\r\n<p align=\"center\"><img class=\"news-image loaded\" src=\"https://cdn.24h.com.vn/upload/2-2019/images/2019-05-20/Tham-gia-trai-he-tre-co-thuc-su-duoc-trai-nghiem-mua-he-khong-sach-vo-giao-duc--2--1558339782-385-width660height345.jpg\" alt=\"Tham gia trại hè trẻ có thực sự được trải nghiệm mùa hè không sách vở? - 3\" data-original=\"https://cdn.24h.com.vn/upload/2-2019/images/2019-05-20/Tham-gia-trai-he-tre-co-thuc-su-duoc-trai-nghiem-mua-he-khong-sach-vo-giao-duc--2--1558339782-385-width660height345.jpg\" data-was-processed=\"true\" /></p>',29,0,0,1,'',0,'2019-06-19','/uploads/1560942157817trainghiemhe.jpg',32),(30,12,'AEG tổ chức “Đua xe theo cách của NASA” nhân dịp khai trương chi nhánh mới','2019-06-20 00:00:00','“Balloon Car – STEAM Challenge” là hoạt động chào hè ý nghĩa AEG dành tặng cho các bé, giúp các em tiếp cận gần hơn với các môn học STEAM','<p>Ngày 12 tháng 5 vừa qua, American Education Group (AEG), Tổ chức Giáo dục Mỹ tiên phong trong mô hình STEAM tại Việt Nam, vừa khai trương cơ sở thứ 3 tại Vincom Quang Trung, Quận Gò Vấp, nhằm đáp ứng nhu cầu ngày càng tăng của học sinh và các bậc phụ huynh dành cho việc học ngoại ngữ, đặc biệt là chương trình STEAM English.  </p>\r\n<p align=\"center\"><img class=\"news-image initial loading\" src=\"https://cdn.24h.com.vn/upload/2-2019/images/2019-05-14/AEG-to-chuc-dua-xe-theo-cach-cua-NASA-nhan-dip-khai-truong-chi-nhanh-moi-dua-xe--1--1557797135-843-width660height440.jpg\" alt=\"AEG tổ chức “Đua xe theo cách của NASA” nhân dịp khai trương chi nhánh mới - 1\" data-was-processed=\"true\" /></p>\r\n<p>Cơ sở mới tại Vincom Quang Trung của AEG được thiết kế mở, kích thích sự sáng tạo và hứng khởi học tập của các bé thiếu nhi</p>\r\n<p>Tại sự kiện khai trương, AEG đã tổ chức cuộc thi ‘Đua xe theo cách của NASA’ – ‘Balloon Car – STEAM Challenge’ dành cho các em học sinh yêu thích khoa học với tổng trị giá giải thưởng lên đến 700 triệu đồng. Đây là cuộc thi đã được NASA tổ chức cách đây hơn 20 năm (vào năm 1998) tại Phòng thí nghiệm Động cơ phản lực California, Hoa Kỳ, làm tiền đề cho các chương trình thám hiểm không gian của NASA. Từ đó đến nay, NASA thường sử dụng ‘balloon car’ như một ví dụ về định luật thứ 3 của Newton khi giảng dạy về STEAM nhằm phát triển khả năng tư duy của trẻ.</p>\r\n<p align=\"center\"><img class=\"news-image loaded\" src=\"https://cdn.24h.com.vn/upload/2-2019/images/2019-05-14/AEG-to-chuc-dua-xe-theo-cach-cua-NASA-nhan-dip-khai-truong-chi-nhanh-moi-dua-xe--2--1557797135-660-width660height440.jpg\" alt=\"AEG tổ chức “Đua xe theo cách của NASA” nhân dịp khai trương chi nhánh mới - 2\" data-original=\"https://cdn.24h.com.vn/upload/2-2019/images/2019-05-14/AEG-to-chuc-dua-xe-theo-cach-cua-NASA-nhan-dip-khai-truong-chi-nhanh-moi-dua-xe--2--1557797135-660-width660height440.jpg\" data-was-processed=\"true\" /></p>\r\n<p>Sự hào hứng của các bé thiếu nhi khi được tự mình chế tạo chiếc xe đua theo thí nghiệm NASA</p>\r\n<p>Cuộc thi này đã thu hút sự chú ý và tham gia của các bậc phụ huynh cũng như các em nhỏ. Với những vật liệu đơn giản như giấy, vỏ chai, ống hút, bong bóng… các em được tự tay chế tạo chiếc xe thi đấu của mình, ứng dụng vào thực tế và biến một định luật khoa học vốn phức tạp trở nên dễ hiểu, gần gũi.</p>\r\n<p>Thông qua cuộc thi này, AEG muốn gửi gắm thông điệp về phương pháp dạy và học tiếng Anh sáng tạo, mang tính tương tác cao. Balloon car hay các hoạt động tương tự luôn được đưa vào lớp học STEAM English tại AEG. Ngoài việc giúp con trẻ tiếp nhận môn ngoại ngữ một cách tự nhiên, phương pháp này sẽ giúp các em phát triển sự sáng tạo, tư duy phản biện và khám phá niềm đam mê của mình. Chương trình STEAM English là giáo trình học đầu tiên và duy nhất trên thế giới kết hợp phương pháp STEAM của Mỹ với việc học tiếng Anh. STEAM là phương pháp dạy tích hợp 5 bộ môn: Khoa học, Công nghệ, Kỹ thuật, Nghệ thuật và Toán học nhằm giúp học sinh tiếp cận các môn học này một cách thú vị và gần gũi với thực tiễn.</p>\r\n<p align=\"center\"><img class=\"news-image loaded\" src=\"https://cdn.24h.com.vn/upload/2-2019/images/2019-05-14/AEG-to-chuc-dua-xe-theo-cach-cua-NASA-nhan-dip-khai-truong-chi-nhanh-moi-dua-xe--3--1557797135-100-width660height440.jpg\" alt=\"AEG tổ chức “Đua xe theo cách của NASA” nhân dịp khai trương chi nhánh mới - 3\" data-original=\"https://cdn.24h.com.vn/upload/2-2019/images/2019-05-14/AEG-to-chuc-dua-xe-theo-cach-cua-NASA-nhan-dip-khai-truong-chi-nhanh-moi-dua-xe--3--1557797135-100-width660height440.jpg\" data-was-processed=\"true\" /></p>\r\n<p>STEAM English là sự kết hợp độc đáo và hiệu quả giữa phương pháp STEAM (Khoa học, Công Nghệ, Kỹ thuật, Nghệ thuật và Toán học) và việc giảng dạy Tiếng Anh cho trẻ</p>\r\n<p>Chia sẻ về sự phát triển của chương trình STEAM English, ông Jorge Medrano, Giám đốc Học thuật tại AEG cho biết, “STEAM English đã chứng tỏ được tính hiệu quả trong cách dạy tiếng Anh đầy sáng tạo. Ngoài rèn luyện kỹ năng ngôn ngữ và mở rộng vốn kiến thức, các em còn có cơ hội phát huy năng lực cá nhân, khả năng phản biện, sự tự tin – những kỹ năng và phẩm chất vô cùng cần thiết cho các công dân toàn cầu trong tương lai.”</p>',29,0,0,1,'',0,'2019-06-19','/uploads/1560942251019aeg.jpg',32),(31,14,'Chuyên gia lý giải việc xuất hiện “đảo khủng long” ở biển Cửa Đại','2019-06-20 00:00:00','Các nhà khoa học đã nghiên cứu sự hình thành của “đảo khủng long” ở biển Cửa Đại và nhận thấy nó có rất nhiều tiện ích.','<p align=\"center\"><img class=\"news-image initial loading\" src=\"https://cdn.24h.com.vn/upload/2-2019/images/2019-06-19/1560939681-850-chuyen-gia-ly-giai-viec-xuat-hien-dao-khung-long-o-bien-cua-dai-dao-khung-long-1-1560939054-width660height419.jpg\" alt=\"Chuyên gia lý giải việc xuất hiện “đảo khủng long” ở biển Cửa Đại - 1\" data-was-processed=\"true\" /></p>\r\n<p style=\"text-align: center;\"><em><span style=\"color: #2880b9;\">Đảo cát ở biển Cửa Đại nhìn từ trên cao có hình thù giống như con khủng long. Ảnh: M.H</span></em></p>\r\n<p>Mới đây, Tổng cục Phòng chống thiên tai (Bộ Nông nghiệp &amp; Phát triển Nông thôn) đã giới thiệu kết quả nghiên cứu cồn cát hay còn gọi là “đảo khủng long” trên biển Cửa Đại (TP Hội An, Quảng Nam) của GS-TSKH Nguyễn Kim Đan và PGS-TS Huỳnh Công Hoài.</p>\r\n<p>Trong nghiên cứu “Đảo khủng long – Cửa Đại hình thành từ đâu?” của 2 nhà khoa học cho hay, cơ chế hình thành “đảo khủng long” hiện nay khá giống với một cồn cát xuất hiện năm 1988. Tuy nhiên, cồn cát này xuất hiện ở gần bờ và đến năm 1991 thì dính vào bờ nên được coi như đất liền.</p>\r\n<p>“Đây hiện tượng tự nhiên bình thường tại các cửa sông mà bên trong có phù sa nhiều. Sự tương tác của dòng chảy mang phù sa từ sông đổ ra biển, sự dịch chuyển của dòng chảy mang trầm tích ven bờ và chế độ sóng, thủy triều theo mùa từ bên ngoài vào tạo thành một “điểm dừng”, bồi tụ dần qua năm tháng hình thành bãi ngầm ngay trước cửa sông.</p>\r\n<p align=\"center\"><img class=\"news-image loaded\" src=\"https://cdn.24h.com.vn/upload/2-2019/images/2019-06-19/1560939681-141-chuyen-gia-ly-giai-viec-xuat-hien-dao-khung-long-o-bien-cua-dai-dao-khung-long-2-1560939054-width660height460.jpg\" alt=\"Chuyên gia lý giải việc xuất hiện “đảo khủng long” ở biển Cửa Đại - 2\" data-original=\"https://cdn.24h.com.vn/upload/2-2019/images/2019-06-19/1560939681-141-chuyen-gia-ly-giai-viec-xuat-hien-dao-khung-long-o-bien-cua-dai-dao-khung-long-2-1560939054-width660height460.jpg\" data-was-processed=\"true\" /></p>\r\n<p style=\"text-align: center;\"><span style=\"color: #2880b9;\"><em>Diễn biến đường bờ và hình dạng cồn cát từ ngày 21/4 đến 14/6. Ảnh Tổng cục PCTT.</em></span></p>\r\n<p>Vị trí cách đất liền xa hay gần phụ thuộc vào lưu tốc các dòng chảy và trường sóng. Lâu dần bãi ngầm nhô cao, vào mùa triều kiệt nước rút xuống và gió vun cát lên thành bãi nổi. Bãi nổi này không đứng yên mà dịch chuyển về hướng Tây Bắc hoặc Tây Nam tùy vào đặc điểm động lực học cửa sông, ven biển”, trích nghiên cứu.</p>\r\n<p>Đối với “đảo khủng long” hiện nay, nghiên cứu chỉ ra rằng, đảo xuất hiện từ tháng 11/2017 sau một trận lũ mạnh, cùng lúc với việc phá dỡ bãi đúc dầm cầu Cửa Đại ở phía Bắc đã làm dòng chảy dịch chuyển mạnh về phía Bắc.</p>\r\n<p>Đến khoảng tháng 2/2018, cồn cát bắt đầu nhô lên trên mặt nước và phát triển lớn dần. Tốc độ bồi nhanh từ tháng 2/2019 (sau Tết Âm lịch).</p>\r\n<p>Dưới ảnh hưởng của dòng chảy ven bờ vào mùa gió đông bắc, một lượng cát lớn bị đẩy ngược ra biển với nồng độ lớn, lại tập trung tại đúng vị trí “đảo khủng long” hiện nay. Mùa gió Tây-Nam cũng đẩy cát ra biển tại cùng vị trí. Lượng cát tích lũy hàng năm tại đây có thể tới 200-250 ngàn m3.</p>\r\n<p>Về tác dụng của “đảo khủng long”, theo nghiên cứu của GS-TSKH Nguyễn Kim Đan và PGS-TS Huỳnh Công Hoài đảo không gây nguy hại mà ngược lại còn có rất nhiều tiện ích như: làm nhiệm vụ như một đê chắn sóng, giúp giảm thiểu năng lượng sóng vào bờ giảm xói lở; là nguồn dự trữ cát dùng cho nuôi bãi từ Cửa Đại đến An Bàng.</p>\r\n<p>Hai nhà khoa học còn đề xuất UBND tỉnh Quảng Nam có thể nghiên cứu cho khai thác cát tại “đảo khủng long”. Đồng thời, kiến nghị đào sông và mở rộng kênh ở phía bắc biển Cửa Đại nhằm mang nhiều cát hơn lên phía bắc và củng cố đảo, tạo nguồn dự trữ cát cho Hội An và tỉnh Quảng Nam.</p>',29,0,0,1,'',0,'2019-06-19','/uploads/1560942606020daocat.jpg',32),(32,14,'Anh thợ đá đục mảng bê tông trên quốc lộ 1 được tặng Giấy khen','2019-06-20 00:00:00','Với hành động đẹp và gây \"sốt\" trên mạng xã hội vì sợ người đi đường gặp nạn, anh Hùng đã được Sở Giao thông vận tải TP Đà Nẵng trao tặng Giấy khen để biểu dương.','<p>Sáng 19-6, tại Trung tâm hành chính TP Đà Nẵng, ông Lê Văn Trung, Giám đốc Sở Giao thông vận tải, Phó Trưởng ban Thường trực Ban An toàn giao thông đã biểu dương và trao tặng tặng Giấy khen kèm tiền thưởng 2 triệu đồng cho anh Mai Xuân Hùng (SN 1981, ngụ tổ 7, thị trấn Hà Lam, huyện Thăng Bình, tỉnh Quảng Nam) vì đã có nghĩa cử cao đẹp trong công tác bảo đảm trật tự an toàn giao thông.</p>\r\n<p align=\"center\"><img class=\"news-image initial loaded\" src=\"https://cdn.24h.com.vn/upload/2-2019/images/2019-06-19/Anh-tho-da-duc-mang-be-tong-tren-quoc-lo-1-duoc-tang-Giay-khen-khen--1--1560923486-538-width540height405.jpg\" alt=\"Anh thợ đá đục mảng bê tông trên quốc lộ 1 được tặng Giấy khen - 1\" data-was-processed=\"true\" /></p>\r\n<p style=\"text-align: center;\"><span style=\"color: #2880b9;\"><em>Ông Lê Văn Trung bày tỏ nghĩa cử cao đẹp của anh Hùng và hành động rất đáng được cơ quan ban ngành biểu dương</em></span></p>\r\n<p>Tại buổi trao tặng Giấy khen, ông Lê Văn Trung đã bày tỏ nghĩa cử cao đẹp và hành động rất đáng được cơ quan ban ngành biểu dương. \"Qua sự việc này, Sở Giao thông vận tải mong muốn hành động đẹp như anh Hùng sẽ được mọi người dân hưởng ứng nhằm ngăn ngừa tai nạn giao thông. Người dân khi tham gia giao thông mà gặp những bất cập trên đường thì cùng chung tay với cơ quan chức năng để giải quyết, tránh những tai nạn đáng tiếc khi cơ quan chức năng chưa vào cuộc kịp\" – ông Trung nói.</p>\r\n<p align=\"center\"><img class=\"news-image loaded\" src=\"https://cdn.24h.com.vn/upload/2-2019/images/2019-06-19/Anh-tho-da-duc-mang-be-tong-tren-quoc-lo-1-duoc-tang-Giay-khen-khen--2--1560923486-526-width540height366.jpg\" alt=\"Anh thợ đá đục mảng bê tông trên quốc lộ 1 được tặng Giấy khen - 2\" data-original=\"https://cdn.24h.com.vn/upload/2-2019/images/2019-06-19/Anh-tho-da-duc-mang-be-tong-tren-quoc-lo-1-duoc-tang-Giay-khen-khen--2--1560923486-526-width540height366.jpg\" data-was-processed=\"true\" /></p>\r\n<p style=\"text-align: center;\"><span style=\"color: #2880b9;\"><em>Anh Mai Xuân Hùng (đứng bên phải) được Giám đốc Sở Giao thông vận tải TP Đà Nẵng trao tặng Giấy khen</em></span></p>\r\n<p>Vừa nhận được Giấy khen, anh Mai Xuân Hùng tỏ ra vui mừng khôn xiết vì hành động nhỏ của mình không ngờ được mọi người cả nước biết đến và trầm trồ khen ngợi. \"Hôm nay, mặc dù bận đi làm nhưng tôi vẫn cố gắng lên gặp mặt lãnh đạo của Sở Giao thông vận tải. Tôi rất cảm ơn lãnh đạo đã quan tâm sự việc vừa qua. Một hành động nhỏ mà đã góp phần lớn vào việc đảm bảo an toàn giao thông trên quốc lộ là điều tôi thấy rất vui\" – anh Hùng cười nói.</p>\r\n<p>Trước đó, người dân Đà Nẵng và mạng xã hội liên tục khen ngợi hành động đẹp của anh Mai Xuân Hùng (SN 1981) và Doãn Văn Cảnh (SN 1985, cả 2 cùng ngụ tại huyện Thăng Bình, tỉnh Quảng Nam) khi không ngần ngại dùng đồ nghề có sẵn để đục mảng bê tông nằm chắn trên mặt đường quốc lộ 1 (đoạn qua địa bàn phường Hòa Thọ Tây, quận Cẩm Lệ) vào chiều 26-5 trong lúc đi làm về. Anh Hùng cho rằng việc làm trên là điều hết sức bình thường vì không muốn người khác gặp họa nếu lỡ băng qua mảng bê tông đang nhô cao này.</p>\r\n<p align=\"center\"><img class=\"news-image loaded\" src=\"https://cdn.24h.com.vn/upload/2-2019/images/2019-06-19/Anh-tho-da-duc-mang-be-tong-tren-quoc-lo-1-duoc-tang-Giay-khen-khen--3--1560923486-628-width540height720.jpg\" alt=\"Anh thợ đá đục mảng bê tông trên quốc lộ 1 được tặng Giấy khen - 3\" data-original=\"https://cdn.24h.com.vn/upload/2-2019/images/2019-06-19/Anh-tho-da-duc-mang-be-tong-tren-quoc-lo-1-duoc-tang-Giay-khen-khen--3--1560923486-628-width540height720.jpg\" data-was-processed=\"true\" /></p>\r\n<p style=\"text-align: center;\"><em><span style=\"color: #2880b9;\">Hình ảnh anh Hùng dừng xe để đục mảng bê tông trên quốc lộ 1 gây sốt mạng xã hội</span></em></p>\r\n<p>Ông Hồ Anh Sơn, Phó Giám đốc Công ty CP Xây dựng công trình 545 cho biết, đoạn đường trên là thuộc Km943+900, bắt đầu từ Hòa Cầm đến Trạm thu phí BOT Điện Thắng Bắc (thị xã Điện Bàn, tỉnh Quảng Nam) đang được đơn vị quản lý và thu phí theo hình thức BOT. Ông Sơn thừa nhận, toàn tuyến quốc lộ 1 kéo dài từ Hòa Cầm về đến Trạm thu phí BOT Điện Thắng Bắc hầu như không có camera giao thông.</p>',29,0,0,1,'',0,'2019-06-19','/uploads/1560942827438ducbetong.jpg',32),(33,14,'Hiện trạng toà nhà 8B Lê Trực sau nhiều năm yêu cầu \"cắt ngọn\"','2019-06-20 00:00:00','Sau 4 năm yêu cầu cắt ngọn do xây dựng vượt tầng trái phép,vì nhiều lý do đến nay toà nhà 8B Lê Trực vẫn đang xử lý dang dở.','<p align=\"center\"><img class=\"news-image initial loaded\" src=\"https://cdn.24h.com.vn/upload/2-2019/images/2019-06-19/Hien-trang-toa-nha-8B-Le-Truc-sau-nhieu-nam-yeu-cau-le-truc-1-1560930328-573-width665height444.jpg\" alt=\"Hiện trạng toà nhà 8B Lê Trực sau nhiều năm yêu cầu &amp;#34;cắt ngọn&amp;#34; - 1\" width=\"660\" data-was-processed=\"true\" /></p>\r\n<p> Tòa nhà 8B Lê Trực hiện vẫn dang dở sau 4 năm yêu cầu dỡ bỏ phần tầng xây dựng trái phép.</p>\r\n<p align=\"center\"><img class=\"news-image initial loaded\" src=\"https://cdn.24h.com.vn/upload/2-2019/images/2019-06-19/Hien-trang-toa-nha-8B-Le-Truc-sau-nhieu-nam-yeu-cau-le-truc-2-1560930328-561-width665height444.jpg\" alt=\"Hiện trạng toà nhà 8B Lê Trực sau nhiều năm yêu cầu &amp;#34;cắt ngọn&amp;#34; - 2\" width=\"660\" data-original=\"https://cdn.24h.com.vn/upload/2-2019/images/2019-06-19/Hien-trang-toa-nha-8B-Le-Truc-sau-nhieu-nam-yeu-cau-le-truc-2-1560930328-561-width665height444.jpg\" data-was-processed=\"true\" /></p>\r\n<p style=\"text-align: center;\"><em><span style=\"color: #2880b9;\">Hiện tại chỉ có bảo vệ túc trực phía ngoài cổng.</span></em></p>\r\n<p align=\"center\"><img class=\"news-image loaded\" src=\"https://cdn.24h.com.vn/upload/2-2019/images/2019-06-19/Hien-trang-toa-nha-8B-Le-Truc-sau-nhieu-nam-yeu-cau-le-truc-3-1560930328-539-width665height998.jpg\" alt=\"Hiện trạng toà nhà 8B Lê Trực sau nhiều năm yêu cầu &amp;#34;cắt ngọn&amp;#34; - 3\" width=\"660\" data-original=\"https://cdn.24h.com.vn/upload/2-2019/images/2019-06-19/Hien-trang-toa-nha-8B-Le-Truc-sau-nhieu-nam-yeu-cau-le-truc-3-1560930328-539-width665height998.jpg\" data-was-processed=\"true\" /></p>\r\n<p>Tại buổi tiếp xúc cử tri trước kỳ họp HĐND thành phố Hà Nội, ông Nguyễn Tiến Trụ (phường Hàng Buồm) đề nghị Chủ tịch UBND thành phố Hà Nội Nguyễn Đức Chung nêu rõ thời gian xử lý dứt điểm phần sai phạm tại tòa nhà 8B Lê Trực (quận Ba Đình).</p>\r\n<p align=\"center\"><img class=\"news-image loaded\" src=\"https://cdn.24h.com.vn/upload/2-2019/images/2019-06-19/Hien-trang-toa-nha-8B-Le-Truc-sau-nhieu-nam-yeu-cau-le-truc-4-1560930328-417-width665height444.jpg\" alt=\"Hiện trạng toà nhà 8B Lê Trực sau nhiều năm yêu cầu &amp;#34;cắt ngọn&amp;#34; - 4\" width=\"660\" data-original=\"https://cdn.24h.com.vn/upload/2-2019/images/2019-06-19/Hien-trang-toa-nha-8B-Le-Truc-sau-nhieu-nam-yeu-cau-le-truc-4-1560930328-417-width665height444.jpg\" data-was-processed=\"true\" /></p>\r\n<p align=\"center\"><img class=\"news-image loaded\" src=\"https://cdn.24h.com.vn/upload/2-2019/images/2019-06-19/Hien-trang-toa-nha-8B-Le-Truc-sau-nhieu-nam-yeu-cau-le-truc-5-1560930328-744-width665height444.jpg\" alt=\"Hiện trạng toà nhà 8B Lê Trực sau nhiều năm yêu cầu &amp;#34;cắt ngọn&amp;#34; - 5\" width=\"660\" data-original=\"https://cdn.24h.com.vn/upload/2-2019/images/2019-06-19/Hien-trang-toa-nha-8B-Le-Truc-sau-nhieu-nam-yeu-cau-le-truc-5-1560930328-744-width665height444.jpg\" data-was-processed=\"true\" /></p>\r\n<p>Chủ tịch UBND thành phố Hà Nội Nguyễn Đức Chung cho hay, thành phố cũng theo dõi diễn biến ĐBQH chất vấn Bộ trưởng Bộ Xây dựng tại kỳ họp Quốc hội vừa qua về tòa nhà 8B Lê Trực. Theo ông Chung, thực hiện nghiêm túc chỉ đạo của Thủ tướng Chính phủ năm 2016, thành phố đã giao thanh tra tiến hành thanh tra, xử lý cán bộ các cấp có vi phạm.</p>\r\n<p align=\"center\"><img class=\"news-image loaded\" src=\"https://cdn.24h.com.vn/upload/2-2019/images/2019-06-19/Hien-trang-toa-nha-8B-Le-Truc-sau-nhieu-nam-yeu-cau-le-truc-6-1560930328-125-width665height444.jpg\" alt=\"Hiện trạng toà nhà 8B Lê Trực sau nhiều năm yêu cầu &amp;#34;cắt ngọn&amp;#34; - 6\" width=\"660\" data-original=\"https://cdn.24h.com.vn/upload/2-2019/images/2019-06-19/Hien-trang-toa-nha-8B-Le-Truc-sau-nhieu-nam-yeu-cau-le-truc-6-1560930328-125-width665height444.jpg\" data-was-processed=\"true\" /></p>\r\n<p align=\"center\"><img class=\"news-image loaded\" src=\"https://cdn.24h.com.vn/upload/2-2019/images/2019-06-19/Hien-trang-toa-nha-8B-Le-Truc-sau-nhieu-nam-yeu-cau-le-truc-7-1560930328-53-width665height444.jpg\" alt=\"Hiện trạng toà nhà 8B Lê Trực sau nhiều năm yêu cầu &amp;#34;cắt ngọn&amp;#34; - 7\" width=\"660\" data-original=\"https://cdn.24h.com.vn/upload/2-2019/images/2019-06-19/Hien-trang-toa-nha-8B-Le-Truc-sau-nhieu-nam-yeu-cau-le-truc-7-1560930328-53-width665height444.jpg\" data-was-processed=\"true\" /></p>\r\n<p align=\"center\"><img class=\"news-image loaded\" src=\"https://cdn.24h.com.vn/upload/2-2019/images/2019-06-19/Hien-trang-toa-nha-8B-Le-Truc-sau-nhieu-nam-yeu-cau-le-truc-8-1560930328-188-width665height444.jpg\" alt=\"Hiện trạng toà nhà 8B Lê Trực sau nhiều năm yêu cầu &amp;#34;cắt ngọn&amp;#34; - 8\" width=\"660\" data-original=\"https://cdn.24h.com.vn/upload/2-2019/images/2019-06-19/Hien-trang-toa-nha-8B-Le-Truc-sau-nhieu-nam-yeu-cau-le-truc-8-1560930328-188-width665height444.jpg\" data-was-processed=\"true\" /></p>\r\n<p>Quận Ba Đình cưỡng chế xong tầng 19 của tòa nhà 8B Lê Trực, nhưng công trình này còn vi phạm về mật độ xây dựng.</p>\r\n<p align=\"center\"><img class=\"news-image loaded\" src=\"https://cdn.24h.com.vn/upload/2-2019/images/2019-06-19/Hien-trang-toa-nha-8B-Le-Truc-sau-nhieu-nam-yeu-cau-le-truc-9-1560930328-572-width665height374.jpg\" alt=\"Hiện trạng toà nhà 8B Lê Trực sau nhiều năm yêu cầu &amp;#34;cắt ngọn&amp;#34; - 9\" width=\"660\" data-original=\"https://cdn.24h.com.vn/upload/2-2019/images/2019-06-19/Hien-trang-toa-nha-8B-Le-Truc-sau-nhieu-nam-yeu-cau-le-truc-9-1560930328-572-width665height374.jpg\" data-was-processed=\"true\" /></p>\r\n<p align=\"center\"><img class=\"news-image loaded\" src=\"https://cdn.24h.com.vn/upload/2-2019/images/2019-06-19/Hien-trang-toa-nha-8B-Le-Truc-sau-nhieu-nam-yeu-cau-le-truc-10-1560930328-881-width665height444.jpg\" alt=\"Hiện trạng toà nhà 8B Lê Trực sau nhiều năm yêu cầu &amp;#34;cắt ngọn&amp;#34; - 10\" width=\"660\" data-original=\"https://cdn.24h.com.vn/upload/2-2019/images/2019-06-19/Hien-trang-toa-nha-8B-Le-Truc-sau-nhieu-nam-yeu-cau-le-truc-10-1560930328-881-width665height444.jpg\" data-was-processed=\"true\" /></p>\r\n<p>Người đứng đầu UBND thành phố Hà Nội cho biết, tinh thần những cuộc họp của UBND thành phố là sẽ xử lý kiên quyết để đảm bảo kỷ cương, phép nước.</p>\r\n<p align=\"center\"><img class=\"news-image loaded\" src=\"https://cdn.24h.com.vn/upload/2-2019/images/2019-06-19/Hien-trang-toa-nha-8B-Le-Truc-sau-nhieu-nam-yeu-cau-le-truc-11-1560930328-810-width665height499.jpg\" alt=\"Hiện trạng toà nhà 8B Lê Trực sau nhiều năm yêu cầu &amp;#34;cắt ngọn&amp;#34; - 11\" width=\"660\" data-original=\"https://cdn.24h.com.vn/upload/2-2019/images/2019-06-19/Hien-trang-toa-nha-8B-Le-Truc-sau-nhieu-nam-yeu-cau-le-truc-11-1560930328-810-width665height499.jpg\" data-was-processed=\"true\" /></p>\r\n<p align=\"center\"><img class=\"news-image loaded\" src=\"https://cdn.24h.com.vn/upload/2-2019/images/2019-06-19/Hien-trang-toa-nha-8B-Le-Truc-sau-nhieu-nam-yeu-cau-le-truc-12-1560930328-813-width665height886.jpg\" alt=\"Hiện trạng toà nhà 8B Lê Trực sau nhiều năm yêu cầu &amp;#34;cắt ngọn&amp;#34; - 12\" width=\"660\" data-original=\"https://cdn.24h.com.vn/upload/2-2019/images/2019-06-19/Hien-trang-toa-nha-8B-Le-Truc-sau-nhieu-nam-yeu-cau-le-truc-12-1560930328-813-width665height886.jpg\" data-was-processed=\"true\" /></p>\r\n<p style=\"text-align: center;\"><em><span style=\"color: #2880b9;\">Tòa nhà nhìn từ khu dân cư trên phố Lê Trực.</span></em></p>',29,0,0,1,'',0,'2019-06-19','/uploads/1560943043430catgon.jpg',32),(34,14,'Clip: Khách Tây hào hứng đội mưa đi xe buýt 2 tầng ngắm Hạ Long',NULL,'Sáng nay (18/6), tuyến buýt 2 tầng City tour đầu tiên ở Hạ Long (Quảng Ninh) chính thức được vận hành thử nghiệm, đưa khách đi tham quan qua 9 điểm danh lam thắng cảnh nổi tiếng ở đây','<div class=\"sbNws\"> </div>\r\n<div align=\"center\">\r\n<div class=\"viewVideoPlay\">\r\n<div id=\"zplayer_e11141_container\" class=\"v-24h-media-player\">\r\n<div id=\"v-24hContainer_zplayer_e11141\">\r\n<div id=\"zplayer_e11141\" class=\"video-js vjs-default-skin vjs-16-9 vjs-paused zplayer_e11141-dimensions vjs-controls-enabled vjs-workinghover vjs-v5 vjs-controlbar-always-show vjs-contextmenu-ui vjs-user-inactive\" tabindex=\"-1\" role=\"region\" aria-label=\"video player\"><video id=\"zplayer_e11141_html5_api\" class=\"vjs-tech\" tabindex=\"-1\" src=\"blob:https://www.24h.com.vn/84380eea-b6c2-45c7-98d9-2e49cf7bac45\" poster=\"https://cdn.24h.com.vn/upload/2-2019/images/2019-06-18/1560847037-halong.jpg\" preload=\"none\" width=\"684\" height=\"342\" data-mce-fragment=\"1\"></video>\r\n<div class=\"vjs-text-track-display\" aria-live=\"off\" aria-atomic=\"true\"> </div>\r\n</div>\r\n</div>\r\n</div>\r\n</div>\r\n</div>\r\n<p>Clip: Du khách nước ngoài đội nón, mặc áo mưa đi xe buýt 2 tầng mui trần ngắm Hạ Long.</p>\r\n<p align=\"center\"><img class=\"news-image initial loading\" src=\"https://cdn.24h.com.vn/upload/2-2019/images/2019-06-18/buyt-1-1560847084-937-width650height434.jpg\" alt=\"Clip: Khách Tây hào hứng đội mưa đi xe buýt 2 tầng ngắm Hạ Long - 1\" data-was-processed=\"true\" /></p>\r\n<p>Tuyến buýt mới có tên gọi: Vietnam Sightseeing City Tour gồm 2 xe buýt mui trần với sức chứa khoảng 63 người/xe. Đây là dòng xe được thiết kế đặc biệt thuận lợi cho việc ngắm nhìn cảnh quan thành phố từ trên cao.</p>\r\n<p align=\"center\"><img class=\"news-image loaded\" src=\"https://cdn.24h.com.vn/upload/2-2019/images/2019-06-18/buyt-2-1560847084-409-width650height434.gif\" alt=\"Clip: Khách Tây hào hứng đội mưa đi xe buýt 2 tầng ngắm Hạ Long - 2\" data-original=\"https://cdn.24h.com.vn/upload/2-2019/images/2019-06-18/buyt-2-1560847084-409-width650height434.gif\" data-was-processed=\"true\" /></p>\r\n<p>Những vị khách đầu tiên tỏ ra hào hứng khi được trải nghiệm Hạ Long bằng xe buýt 2 tầng. Chiếc xe mở mui cho phép du khách thoải mái ngắm cảnh và chụp ảnh.</p>\r\n<p align=\"center\"><img class=\"news-image loaded\" src=\"https://cdn.24h.com.vn/upload/2-2019/images/2019-06-18/buyt-3-1560847084-312-width650height434.gif\" alt=\"Clip: Khách Tây hào hứng đội mưa đi xe buýt 2 tầng ngắm Hạ Long - 3\" data-original=\"https://cdn.24h.com.vn/upload/2-2019/images/2019-06-18/buyt-3-1560847084-312-width650height434.gif\" data-was-processed=\"true\" /></p>\r\n<p>Mặc dù sáng nay trời mưa nhưng những vị khác nước ngoài lại có trải nghiệm đặc biệt, vừa ngắm thành phố Hạ Long dưới mưa vừa được đội nón lá truyền thống của Việt Nam.</p>\r\n<p align=\"center\"><img class=\"news-image loaded\" src=\"https://cdn.24h.com.vn/upload/2-2019/images/2019-06-18/buyt-4-1560847084-485-width650height405.jpg\" alt=\"Clip: Khách Tây hào hứng đội mưa đi xe buýt 2 tầng ngắm Hạ Long - 4\" data-original=\"https://cdn.24h.com.vn/upload/2-2019/images/2019-06-18/buyt-4-1560847084-485-width650height405.jpg\" data-was-processed=\"true\" /></p>\r\n<p>Lộ trình tuyến Hạ Long City Tour có tất cả 9 điểm dừng với điểm đầu tuyến là Công Viên Sun World và đi qua các điểm: Chợ Hạ Long, Bến cá, Bảo tàng – Thư viện <a class=\"TextlinkBaiviet\" title=\"Quảng Ninh\" href=\"https://www.24h.com.vn/tin-quang-ninh-c46e4075.html\">Quảng Ninh</a>, Cung quy hoạch – Hội chợ triển lãm của tỉnh, Công viên hoa Hạ Long, Công viên giải trí Tuần Châu, Khách sạn Royal Lotus và dừng chân tại khu nghỉ dưỡng Vinpearl Hạ Long.</p>\r\n<p align=\"center\"><img class=\"news-image loaded\" src=\"https://cdn.24h.com.vn/upload/2-2019/images/2019-06-18/buyt-5-1560847084-949-width650height488.gif\" alt=\"Clip: Khách Tây hào hứng đội mưa đi xe buýt 2 tầng ngắm Hạ Long - 5\" data-original=\"https://cdn.24h.com.vn/upload/2-2019/images/2019-06-18/buyt-5-1560847084-949-width650height488.gif\" data-was-processed=\"true\" /></p>\r\n<p>Như vậy, lộ trình tuyến đi qua hầu hết các điểm du lịch hấp dẫn trong địa bàn thành phố Hạ Long. Đây là những địa điểm có tính kết nối cao với khu vực xung quanh, GTVT thuận tiện.</p>\r\n<p align=\"center\"><img class=\"news-image loaded\" src=\"https://cdn.24h.com.vn/upload/2-2019/images/2019-06-18/buyt-6-1560847084-867-width650height433.jpg\" alt=\"Clip: Khách Tây hào hứng đội mưa đi xe buýt 2 tầng ngắm Hạ Long - 6\" data-original=\"https://cdn.24h.com.vn/upload/2-2019/images/2019-06-18/buyt-6-1560847084-867-width650height433.jpg\" data-was-processed=\"true\" /></p>\r\n<p align=\"center\"><img class=\"news-image loaded\" src=\"https://cdn.24h.com.vn/upload/2-2019/images/2019-06-18/buyt-7-1560847084-688-width650height413.jpg\" alt=\"Clip: Khách Tây hào hứng đội mưa đi xe buýt 2 tầng ngắm Hạ Long - 7\" data-original=\"https://cdn.24h.com.vn/upload/2-2019/images/2019-06-18/buyt-7-1560847084-688-width650height413.jpg\" data-was-processed=\"true\" /></p>\r\n<p>Một vị khách nước ngoài thích thú ngắm nhìn phố phường từ tầng 2 của chiếc xe buýt.</p>\r\n<p align=\"center\"><img class=\"news-image loaded\" src=\"https://cdn.24h.com.vn/upload/2-2019/images/2019-06-18/buyt-8-1560847084-439-width650height443.jpg\" alt=\"Clip: Khách Tây hào hứng đội mưa đi xe buýt 2 tầng ngắm Hạ Long - 8\" data-original=\"https://cdn.24h.com.vn/upload/2-2019/images/2019-06-18/buyt-8-1560847084-439-width650height443.jpg\" data-was-processed=\"true\" /></p>\r\n<p>Nữ du khách xinh đẹp tạo dáng với nón lá truyền thống của Việt Nam.</p>\r\n<p align=\"center\"><img class=\"news-image loaded\" src=\"https://cdn.24h.com.vn/upload/2-2019/images/2019-06-18/buyt-9-1560847084-331-width650height442.jpg\" alt=\"Clip: Khách Tây hào hứng đội mưa đi xe buýt 2 tầng ngắm Hạ Long - 9\" data-original=\"https://cdn.24h.com.vn/upload/2-2019/images/2019-06-18/buyt-9-1560847084-331-width650height442.jpg\" data-was-processed=\"true\" /></p>\r\n<p>Xe buýt hai tầng di chuyển trên đường phố Hạ Long và thu hút nhiều sự chú ý của người đi đường</p>\r\n<p align=\"center\"><img class=\"news-image loaded\" src=\"https://cdn.24h.com.vn/upload/2-2019/images/2019-06-18/buyt-10-1560847084-651-width650height423.jpg\" alt=\"Clip: Khách Tây hào hứng đội mưa đi xe buýt 2 tầng ngắm Hạ Long - 10\" data-original=\"https://cdn.24h.com.vn/upload/2-2019/images/2019-06-18/buyt-10-1560847084-651-width650height423.jpg\" data-was-processed=\"true\" /></p>\r\n<p>Anh Artem (Ukraina) bày tỏ: \"Thật tuyệt vời đây là lần đầu tiên tôi được đi xe buýt 2 tầng dưới mưa, tôi cảm thấy rất thú vị và vô cùng thoải mái, có thể ngắm cảnh toàn bộ thành phố Hạ Long. Tôi cảm thấy mọi người xung quanh tôi đều thích thú, nó là một gợi ý tuyệt vời cho những ai muốn đến Hạ Long du lịch\".</p>',29,0,0,0,'',0,'2019-06-19','/uploads/1560943200768khachtay.jpg',NULL),(35,14,'Thay toàn bộ đoàn thanh tra xây dựng tại Vĩnh Tường',NULL,'Bộ Xây dựng tiếp tục cử đoàn thanh tra về huyện Vĩnh Tường, tỉnh Vĩnh Phúc để Thanh tra công tác quy hoach, quản lý đầu tư xây dựng trên địa bàn huyện.','<p align=\"center\"><img class=\"news-image initial loading\" src=\"https://cdn.24h.com.vn/upload/2-2019/images/2019-06-18/Thay-toan-bo-doan-thanh-tra-xay-dung-tai-Vinh-Tuong-vinh-tuong-1560872076-683-width665height449.jpg\" alt=\"Thay toàn bộ đoàn thanh tra xây dựng tại Vĩnh Tường - 1\" width=\"660\" data-was-processed=\"true\" /></p>\r\n<p>Theo nguồn tin của Tiền Phong, ngày 17/6, Bộ Xây dựng tiếp tục cử một đoàn thanh tra gồm 11 người về Vĩnh Tường để tiếp tục thanh tra công tác quy hoạch, quản lý thực hiện quy hoạch được duyệt, công tác cấp phép xây dựng, quản lý sau cấp phép và công tác quản lý đầu tư xây dựng tại một số dự án tại huyện Vĩnh Tường.</p>\r\n<p>Được biết, thời gian thanh tra bắt đầu từ hôm nay (18/6), kéo dài 25 ngày không kể thứ Bảy, Chủ Nhật.</p>\r\n<p>Trước đó, Công an <a class=\"TextlinkBaiviet\" title=\"tỉnh Vĩnh Phúc\" href=\"https://www.24h.com.vn/vinh-phuc-c46e4382.html\">tỉnh Vĩnh Phúc</a> thông báo ngày 12/6 đã bắt quả tang, khám xét nơi làm việc tại UBND huyện Vĩnh Tường của bà Nguyễn Thị Kim Anh (44 tuổi, Phó trưởng Phòng phòng chống tham nhũng - Thanh tra Bộ Xây dựng) và ông Đặng Hải Anh (38 tuổi, chuyên viên thanh tra Phòng Thanh tra Xây dựng 2, Thanh tra Bộ Xây dựng). Hai người này đang bị tạm giữ ở trại tạm giam do Công an tỉnh quản lý.</p>\r\n<p>Về việc này, Văn phòng Chính phủ cho biết, vừa qua báo chí phản ánh về vụ việc Đoàn Thanh tra Bộ Xây dựng bị Công an tỉnh <a class=\"TextlinkBaiviet\" title=\"Vĩnh Phúc\" href=\"https://www.24h.com.vn/vinh-phuc-c46e4382.html\">Vĩnh Phúc</a> lập biên bản, tạm giữ về hành vi \"vòi tiền\" trong quá trình thanh tra tại huyện Vĩnh Tường, tỉnh Vĩnh Phúc.</p>\r\n<p>Về việc này, Thủ tướng Chính phủ Nguyễn Xuân Phúc yêu cầu Bộ Công an chỉ đạo Công an tỉnh Vĩnh Phúc và các đơn vị chức năng khẩn trương xác minh, điều tra làm rõ vụ việc để xử lý nghiêm theo quy định của pháp luật, báo cáo Thủ tướng Chính phủ kết quả trước ngày 1/8/2019.</p>',29,0,0,0,'',0,'2019-06-19','/uploads/1560943313282a.jpg',NULL);
/*!40000 ALTER TABLE `posts` ENABLE KEYS */;
UNLOCK TABLES;

--
-- Table structure for table `postsandtags`
--

DROP TABLE IF EXISTS `postsandtags`;
/*!40101 SET @saved_cs_client     = @@character_set_client */;
 SET character_set_client = utf8mb4 ;
CREATE TABLE `postsandtags` (
  `posID` int(11) NOT NULL,
  `tagID` int(11) NOT NULL,
  PRIMARY KEY (`posID`,`tagID`),
  KEY `FK_PostTag_Tag_idx` (`tagID`),
  CONSTRAINT `FK_PostTag_Post` FOREIGN KEY (`posID`) REFERENCES `posts` (`posID`),
  CONSTRAINT `FK_PostTag_Tag` FOREIGN KEY (`tagID`) REFERENCES `tags` (`tagID`)
) ENGINE=InnoDB DEFAULT CHARSET=utf8;
/*!40101 SET character_set_client = @saved_cs_client */;

--
-- Dumping data for table `postsandtags`
--

LOCK TABLES `postsandtags` WRITE;
/*!40000 ALTER TABLE `postsandtags` DISABLE KEYS */;
INSERT INTO `postsandtags` VALUES (1,2),(2,2),(2,3),(3,4),(4,4),(3,5),(4,6),(4,7),(4,8),(5,9),(5,10),(5,11),(6,12),(6,13),(7,14),(8,14),(7,15),(7,16),(8,17),(9,17),(8,18),(9,19),(9,20),(11,24),(11,25),(12,26),(12,27),(13,28),(14,29),(14,30),(15,31),(15,32),(16,33),(16,34),(16,35),(17,36),(17,37),(18,38),(18,39),(19,40),(19,41),(20,42),(20,43),(21,44),(21,45),(22,46),(23,46),(24,46),(25,46),(22,47),(22,48),(23,49),(23,50),(24,50),(25,50),(24,51),(25,52),(26,53),(26,54),(26,55),(27,56),(27,57),(27,58),(28,58),(28,59),(28,60),(29,61),(29,62),(34,62),(29,63),(30,64),(30,65),(30,66),(30,67),(31,68),(31,69),(31,70),(32,71),(32,72),(32,73),(32,74),(33,75),(33,76),(33,77),(34,78),(34,79),(35,80),(35,81),(35,82),(10,84),(10,85),(1,88);
/*!40000 ALTER TABLE `postsandtags` ENABLE KEYS */;
UNLOCK TABLES;

--
-- Table structure for table `securities`
--

DROP TABLE IF EXISTS `securities`;
/*!40101 SET @saved_cs_client     = @@character_set_client */;
 SET character_set_client = utf8mb4 ;
CREATE TABLE `securities` (
  `userID` int(11) NOT NULL,
  `password_reset_token` varchar(50) CHARACTER SET utf8 COLLATE utf8_bin DEFAULT NULL,
  `password_reset_expire` datetime DEFAULT NULL,
  PRIMARY KEY (`userID`),
  CONSTRAINT `FK_Security_User` FOREIGN KEY (`userID`) REFERENCES `users` (`userID`)
) ENGINE=InnoDB DEFAULT CHARSET=utf8 COLLATE=utf8_bin;
/*!40101 SET character_set_client = @saved_cs_client */;

--
-- Dumping data for table `securities`
--

LOCK TABLES `securities` WRITE;
/*!40000 ALTER TABLE `securities` DISABLE KEYS */;
INSERT INTO `securities` VALUES (28,'97504348096676985325048310263200','2019-06-15 12:57:02'),(31,'76595104272615068256093071030772','2019-06-14 17:06:52');
/*!40000 ALTER TABLE `securities` ENABLE KEYS */;
UNLOCK TABLES;

--
-- Table structure for table `subscribers`
--

DROP TABLE IF EXISTS `subscribers`;
/*!40101 SET @saved_cs_client     = @@character_set_client */;
 SET character_set_client = utf8mb4 ;
CREATE TABLE `subscribers` (
  `userID` int(11) NOT NULL AUTO_INCREMENT,
  `dateSubBegin` date DEFAULT NULL,
  `dateSubEnd` date DEFAULT NULL,
  PRIMARY KEY (`userID`),
  CONSTRAINT `FK_Sub_User` FOREIGN KEY (`userID`) REFERENCES `users` (`userID`)
) ENGINE=InnoDB AUTO_INCREMENT=32 DEFAULT CHARSET=utf8;
/*!40101 SET character_set_client = @saved_cs_client */;

--
-- Dumping data for table `subscribers`
--

LOCK TABLES `subscribers` WRITE;
/*!40000 ALTER TABLE `subscribers` DISABLE KEYS */;
INSERT INTO `subscribers` VALUES (28,'2019-06-15','2019-07-06'),(31,'2019-06-15','2019-06-22');
/*!40000 ALTER TABLE `subscribers` ENABLE KEYS */;
UNLOCK TABLES;

--
-- Table structure for table `tags`
--

DROP TABLE IF EXISTS `tags`;
/*!40101 SET @saved_cs_client     = @@character_set_client */;
 SET character_set_client = utf8mb4 ;
CREATE TABLE `tags` (
  `tagID` int(11) NOT NULL AUTO_INCREMENT,
  `tagName` varchar(100) DEFAULT NULL,
  PRIMARY KEY (`tagID`),
  UNIQUE KEY `tagName_UNIQUE` (`tagName`)
) ENGINE=InnoDB AUTO_INCREMENT=89 DEFAULT CHARSET=utf8;
/*!40101 SET character_set_client = @saved_cs_client */;

--
-- Dumping data for table `tags`
--

LOCK TABLES `tags` WRITE;
/*!40000 ALTER TABLE `tags` DISABLE KEYS */;
INSERT INTO `tags` VALUES (85,'3 ông vua '),(75,'8B Lê Trực'),(27,'á hậu'),(67,'aeg'),(66,'Balloon Car'),(7,'bóng đá '),(12,'borna coric'),(47,'Chuyên Hà Nội'),(41,'con gái'),(81,'công anh'),(2,'công phượng'),(33,'công sơ'),(14,'Federer'),(22,'Federer '),(1,'FK Sarajevo'),(87,'gia dinh'),(88,'gia đình'),(17,'Grand Slam'),(13,'halle open'),(10,'hàn quốc'),(25,'hari won'),(55,'học tiếng anh'),(32,'hương giang'),(53,'ilets'),(15,'John Millman'),(79,'khách tây'),(5,'king cup'),(50,'lớp 10'),(44,'mầm non'),(18,'Masters'),(63,'mùa hè'),(52,'mưa điểm 10'),(84,'nadal'),(64,'nasa'),(36,'ngọc trinh'),(29,'ngọc đàm'),(23,'Novak Djokovic'),(4,'park hang seo'),(31,'pewpew'),(49,'phổ điểm '),(26,'phương nghi'),(57,'pomath'),(70,'quảng nam'),(72,'quốc lộ'),(20,'Rafael Nadal'),(19,'Roland Garros'),(74,'sở giao thông'),(65,'steam'),(30,'streamer'),(73,'tặng giấy khen'),(80,'thanh tra'),(21,'The Djoker'),(34,'thời trang'),(42,'thời trang hè'),(48,'THPT'),(59,'tiếng anh'),(76,'toà nhà'),(61,'trại hè'),(62,'trải nghiệm'),(24,'trấn thành'),(58,'trẻ em'),(45,'trường mơ ước'),(56,'tư duy trẻ em'),(46,'tuyển sinh'),(51,'tuyển sinh 2019'),(28,'tuyết nga'),(8,'u23'),(16,'US Open 2018.'),(3,'văn toàn'),(35,'váy ngắn'),(77,'vi phạm'),(6,'việt nam'),(78,'vịnh hạ long'),(82,'vĩnh phúc'),(11,'vòng loại'),(43,'vũ ngọc'),(40,'vua kim cương'),(54,'vus'),(60,'vus summer'),(9,'world cup'),(68,'đảo cát'),(69,'đảo khủng long'),(37,'đồ hiệu'),(38,'đồng hồ nhật bản'),(39,'đồng hồ nữ '),(71,'đục bê tông');
/*!40000 ALTER TABLE `tags` ENABLE KEYS */;
UNLOCK TABLES;

--
-- Table structure for table `users`
--

DROP TABLE IF EXISTS `users`;
/*!40101 SET @saved_cs_client     = @@character_set_client */;
 SET character_set_client = utf8mb4 ;
CREATE TABLE `users` (
  `userID` int(11) NOT NULL AUTO_INCREMENT,
  `uName` varchar(45) DEFAULT NULL,
  `Username` varchar(20) DEFAULT NULL,
  `Password` varchar(250) DEFAULT NULL,
  `Role` int(11) NOT NULL,
  `Email` varchar(45) DEFAULT NULL,
  `Birthday` datetime DEFAULT NULL,
  `Actived` tinyint(4) NOT NULL,
  `FacebookID` varchar(45) DEFAULT NULL,
  PRIMARY KEY (`userID`),
  UNIQUE KEY `Username_UNIQUE` (`Username`)
) ENGINE=InnoDB AUTO_INCREMENT=36 DEFAULT CHARSET=utf8;
/*!40101 SET character_set_client = @saved_cs_client */;

--
-- Dumping data for table `users`
--

LOCK TABLES `users` WRITE;
/*!40000 ALTER TABLE `users` DISABLE KEYS */;
INSERT INTO `users` VALUES (28,'Trịnh Quang Nghĩa','nghiatq','$2b$10$wUox//pLnqWL7PQO1atW1uvLwduJH1cypQBmmq66Ss.4dKDNyY63u',4,'tonystrinh@gmail.com','1998-07-08 00:00:00',1,NULL),(29,'Trần Bá Ngọc','ngoctb','$2b$10$Zzo7H2QzG97OXsSGekKMQ.tBIqzEITh4Oyyk0vFtLpQcYcoChbFuC',2,'tbngoc.khtn@gmail.com','1998-07-08 00:00:00',1,NULL),(30,'Nguyễn Xuân Nghiêm','nghiemnx','$2b$10$aNRw.FMpREjf0KVFBYIxkOmKvYCBQ8SpnpVV8uGDv1Mb6iY7UCKnm',4,'xuanghjem@gmail.com','1998-08-08 00:00:00',1,NULL),(31,'Đặng Hoài Nam','namdh3','$2b$10$6C4pjmHWLMXBRN5K.jHtbeUHO9nkJFVuBA8HeD8bArMWolggU8UIa',4,'danghoainam@gmail.com','2019-06-25 00:00:00',1,NULL),(32,'Trịnh Nghĩa','nghiatrinh','$2b$10$gU8oq.djdmh8zb1axMCvXOb6ax83OgikB5ULDuY3X9AvCagkwzbai',3,'tonystrinh@gmail.com','2019-06-13 00:00:00',1,NULL),(34,'Trịnh Nghĩa','nghiatq2','$2b$10$SJrB23eKFtGdRHL.L69TD.33IgGWQVLVTMwiisAX8FDf9SMPME92G',2,'tonystrinh@gmail.com','2019-06-20 00:00:00',1,NULL),(35,'Nguyễn Xuân Nghiêm','admin','$2b$10$pgD4DMMGOFgD7wJHAEn9hOOgLa1s3B9RGs.yaKxOfnv48WAAURfei',1,'xuanghjem@gmail.com','1998-10-21 00:00:00',1,NULL);
/*!40000 ALTER TABLE `users` ENABLE KEYS */;
UNLOCK TABLES;

--
-- Table structure for table `writers`
--

DROP TABLE IF EXISTS `writers`;
/*!40101 SET @saved_cs_client     = @@character_set_client */;
 SET character_set_client = utf8mb4 ;
CREATE TABLE `writers` (
  `userID` int(11) NOT NULL,
  `Pseudonym` varchar(45) DEFAULT NULL,
  PRIMARY KEY (`userID`),
  UNIQUE KEY `Pseudonym_UNIQUE` (`Pseudonym`),
  CONSTRAINT `FK_Writter_User` FOREIGN KEY (`userID`) REFERENCES `users` (`userID`)
) ENGINE=InnoDB DEFAULT CHARSET=utf8;
/*!40101 SET character_set_client = @saved_cs_client */;

--
-- Dumping data for table `writers`
--

LOCK TABLES `writers` WRITE;
/*!40000 ALTER TABLE `writers` DISABLE KEYS */;
INSERT INTO `writers` VALUES (34,'Nghĩa đẹp trai'),(29,'Ngọc đỉnh kout'),(35,'ssss');
/*!40000 ALTER TABLE `writers` ENABLE KEYS */;
UNLOCK TABLES;
/*!40103 SET TIME_ZONE=@OLD_TIME_ZONE */;

/*!40101 SET SQL_MODE=@OLD_SQL_MODE */;
/*!40014 SET FOREIGN_KEY_CHECKS=@OLD_FOREIGN_KEY_CHECKS */;
/*!40014 SET UNIQUE_CHECKS=@OLD_UNIQUE_CHECKS */;
/*!40101 SET CHARACTER_SET_CLIENT=@OLD_CHARACTER_SET_CLIENT */;
/*!40101 SET CHARACTER_SET_RESULTS=@OLD_CHARACTER_SET_RESULTS */;
/*!40101 SET COLLATION_CONNECTION=@OLD_COLLATION_CONNECTION */;
/*!40111 SET SQL_NOTES=@OLD_SQL_NOTES */;

-- Dump completed on 2019-06-21 18:58:41
